publisher_name,match_type,keyword_group,current_spend,proposed,delta_spend,roas,expected_revenue_current,expected_revenue_proposed,delta_revenue
Yahoo - US,Advanced,Air France Website,23615.562204175003,23615.56220417501,7.275957614183426e-12,30.458466064925435,719293.8,719293.8000000003,2.3283064365386963e-10
Google - US,Exact,Air France Brand,13336.812403850001,13336.812403850005,3.637978807091713e-12,38.67430120341979,515791.9,515791.9000000002,1.7462298274040222e-10
Google - US,Broad,Air France Brand,53914.299737400004,53914.29973740002,1.4551915228366852e-11,10.441190977938259,562929.5,562929.5000000001,1.1641532182693481e-10
Google - US,Broad,Air France Website,47129.81234495001,47129.81234495003,1.4551915228366852e-11,9.317267100195702,439121.05,439121.0500000001,1.1641532182693481e-10
Google - Global,Exact,Air France Brand,15329.73732705,15329.737327050005,5.4569682106375694e-12,17.263890068945397,264650.9,264650.90000000014,1.1641532182693481e-10
Overture - US,Standard,Unassigned,101837.14964440001,101837.14964440004,2.9103830456733704e-11,2.9562448581017895,301055.55,301055.5500000001,1.1641532182693481e-10
MSN - US,Broad,Air France Brand,10356.674933087499,10356.674933087503,3.637978807091713e-12,14.087117819435706,145895.7,145895.70000000007,5.820766091346741e-11
Google - Global,Exact,Air France,4888.4123979625,4888.412397962501,9.094947017729282e-13,48.6110991983911,237631.1,237631.10000000006,5.820766091346741e-11
Overture - Global,Advanced,Unassigned,35936.8997161875,35936.89971618751,7.275957614183426e-12,9.7737855177804,351239.55,351239.55000000005,5.820766091346741e-11
Google - Global,Broad,Paris,40533.3999071125,40533.399907112514,1.4551915228366852e-11,3.073436975074479,124576.85,124576.85000000005,4.3655745685100555e-11
MSN - Global,Broad,Air France Brand,5641.6999638375,5641.699963837502,1.8189894035458565e-12,20.775333809186595,117208.2,117208.20000000004,4.3655745685100555e-11
Yahoo - US,Advanced,Air France Brand,5098.39996025,5098.399960250001,9.094947017729282e-13,22.111770531724243,112734.65,112734.65000000002,2.9103830456733704e-11
Google - Global,Broad,Air France Brand,9975.0999510125,9975.099951012504,3.637978807091713e-12,7.841309900063776,78217.85,78217.85000000003,2.9103830456733704e-11
Google - Global,Broad,Air France,4060.949976725,4060.949976725001,9.094947017729282e-13,20.03102733750038,81345.0,81345.00000000003,2.9103830456733704e-11
Google - US,Broad,Paris,49209.9623473125,49209.96234731252,1.4551915228366852e-11,1.2745346065769811,62719.799999999996,62719.80000000002,2.1827872842550278e-11
Google - Global,Broad,Air France Website,2255.4124782375,2255.4124782375006,4.547473508864641e-13,33.93423630422098,76535.7,76535.70000000001,1.4551915228366852e-11
Overture - Global,Standard,Unassigned,28358.962427399998,28358.962427400005,7.275957614183426e-12,2.780255102839059,78845.15,78845.15000000001,1.4551915228366852e-11
Google - US,Broad,France,45918.1374165625,45918.13741656252,1.4551915228366852e-11,1.012914560929547,46511.15000000001,46511.15000000002,1.4551915228366852e-11
Overture - US,Advanced,Unassigned,40138.9248111625,40138.92481116251,1.4551915228366852e-11,1.1554295541843342,46377.7,46377.70000000001,1.4551915228366852e-11
Google - Global,Broad,France,37790.249940149995,37790.24994015,7.275957614183426e-12,1.427401249936954,53941.850000000006,53941.85000000001,7.275957614183426e-12
MSN - US,Broad,Air France Website,1311.8124801000001,1311.8124801000004,2.2737367544323206e-13,26.309057524265278,34512.55,34512.55000000001,7.275957614183426e-12
Yahoo - US,Standard,Paris,5084.5999829625,5084.599982962502,1.8189894035458565e-12,2.998052954230289,15243.9,15243.900000000005,5.4569682106375694e-12
MSN - Global,Broad,Air France Website,947.0249812249999,947.0249812250001,2.2737367544323206e-13,21.901059012372837,20740.850000000002,20740.850000000006,3.637978807091713e-12
Google - US,Broad,New York to Paris Sale,3878.737491975,3878.737491975001,9.094947017729282e-13,3.4471268106344377,13370.5,13370.500000000004,3.637978807091713e-12
Google - US,Broad,New York to France Sale,3020.674994425,3020.674994425001,9.094947017729282e-13,6.643713751740489,20068.5,20068.500000000004,3.637978807091713e-12
Google - US,Broad,Italy,8380.6749665375,8380.674966537501,1.8189894035458565e-12,1.2698261228948216,10642.0,10642.000000000004,3.637978807091713e-12
Google - US,Broad,Houston to Paris Sale,810.9749983875,810.9749983875002,2.2737367544323206e-13,8.711982507534847,7065.200000000001,7065.200000000003,1.8189894035458565e-12
Google - Global,Broad,Nice,1225.4874962,1225.4874962000001,2.2737367544323206e-13,6.734177236071257,8252.65,8252.650000000001,1.8189894035458565e-12
Google - US,Broad,Spain,8464.4374799,8464.437479900002,1.8189894035458565e-12,1.370333235674987,11599.1,11599.100000000002,1.8189894035458565e-12
Yahoo - US,Advanced,Rome,104.5624998125,104.56249981250002,2.842170943040401e-14,54.79019734869731,5729.0,5729.000000000002,1.8189894035458565e-12
Yahoo - US,Standard,France,1711.3999925625,1711.3999925625005,4.547473508864641e-13,5.129601518143865,8778.8,8778.800000000001,1.8189894035458565e-12
Google - US,Broad,Google|Rome,2481.5249946374997,2481.5249946375006,9.094947017729282e-13,1.6599067141782777,4119.1,4119.100000000002,1.8189894035458565e-12
Google - US,Broad,San Francisco to Paris Sale,990.2874981375,990.2874981375004,3.410605131648481e-13,3.0016030754608996,2972.45,2972.450000000001,1.3642420526593924e-12
Google - US,Broad,Google|Athens,1855.2374953749998,1855.2374953750004,6.821210263296962e-13,1.643428406120972,3048.9500000000003,3048.950000000001,9.094947017729282e-13
Google - US,Broad,Google|Europe,10195.4624789875,10195.462478987502,1.8189894035458565e-12,0.5765064617827629,5877.75,5877.750000000001,9.094947017729282e-13
Yahoo - US,Advanced,International Chicago,434.88749912500003,434.88749912500015,1.1368683772161603e-13,10.12641202347874,4403.85,4403.850000000001,9.094947017729282e-13
Google - US,Broad,DC to France Sale,62.2124998875,62.212499887500016,1.4210854715202004e-14,53.052843174095955,3300.5499999999997,3300.5500000000006,9.094947017729282e-13
Google - US,Broad,Boston to Paris Sale,382.099999325,382.0999993250001,1.1368683772161603e-13,6.442292604942548,2461.6,2461.600000000001,9.094947017729282e-13
Google - US,Broad,Seattle to Paris Sale,1171.2249966375,1171.2249966375002,2.2737367544323206e-13,2.4058144319746857,2817.75,2817.750000000001,9.094947017729282e-13
Google - US,Broad,Nice Branded,116.7124995375,116.71249953750004,4.263256414560601e-14,21.16397138085755,2470.1,2470.100000000001,9.094947017729282e-13
MSN - Global,Broad,Paris,2212.5749962125,2212.5749962125005,4.547473508864641e-13,3.2473701512036492,7185.05,7185.050000000001,9.094947017729282e-13
Google - US,Broad,Paris Branded,558.6249972749999,558.624997275,1.1368683772161603e-13,5.6207652992912704,3139.9,3139.900000000001,9.094947017729282e-13
Google - US,,Google|Europe,31.6499988,31.64999880000001,1.0658141036401503e-14,91.06951372143496,2882.35,2882.350000000001,9.094947017729282e-13
Google - US,Broad,Google|rabat,14.07499995,14.074999950000006,5.329070518200751e-15,99.64476056712171,1402.5,1402.5000000000007,6.821210263296962e-13
Google - US,Broad,Google|Barcelona,2517.9374914,2517.937491400001,9.094947017729282e-13,0.7352446223637813,1851.2999999999997,1851.3000000000004,6.821210263296962e-13
Google - US,Broad,Nice,4807.7999885125,4807.799988512502,1.8189894035458565e-12,0.4080452607611423,1961.8,1961.8000000000006,6.821210263296962e-13
Google - Global,Broad,Lyon,216.11249948749997,216.11249948750006,8.526512829121202e-14,8.49557524138577,1835.9999999999998,1836.0000000000005,6.821210263296962e-13
Yahoo - US,Advanced,General Terms,606.4749957,606.4749957000002,2.2737367544323206e-13,3.2613875494026408,1977.9500000000003,1977.950000000001,6.821210263296962e-13
Google - US,Broad,Chicago to Paris Sale,690.1874983375,690.1874983375001,1.1368683772161603e-13,3.97051526809886,2740.4,2740.4000000000005,4.547473508864641e-13
Google - US,Broad,Barcelona,1118.5499939875,1118.5499939875006,4.547473508864641e-13,0.8663001253485578,968.9999999999999,969.0000000000003,4.547473508864641e-13
Google - Global,,France,10.9999995875,10.999999587500003,3.552713678800501e-15,117.84091350994335,1296.25,1296.2500000000005,4.547473508864641e-13
Google - US,Broad,Los Angeles to Paris Sale,408.06249963749997,408.0624996375001,1.1368683772161603e-13,4.166028491983913,1700.0,1700.0000000000005,4.547473508864641e-13
Google - US,Broad,Florence,415.6874989375,415.68749893750004,5.684341886080802e-14,7.111832825274569,2956.3,2956.3000000000006,4.547473508864641e-13
Yahoo - US,Advanced,Low International DC,0.625,0.6250000000000002,2.220446049250313e-16,2518.7200000000003,1574.2000000000003,1574.2000000000007,4.547473508864641e-13
Google - US,Broad,Athens,2267.8624943375003,2267.862494337501,9.094947017729282e-13,0.3185819254050764,722.5,722.5000000000003,3.410605131648481e-13
Yahoo - US,Advanced,International New York,920.4999984125,920.4999984125003,3.410605131648481e-13,0.8864747435168698,816.0,816.0000000000003,3.410605131648481e-13
Google - US,Broad,International Detroit,92.849999975,92.84999997500003,2.842170943040401e-14,9.950996233158588,923.9499999999999,923.9500000000003,3.410605131648481e-13
Google - US,Broad,San Francisco to Italy Sale,163.73749985,163.73749985000006,5.684341886080802e-14,5.191235976967313,850.0000000000001,850.0000000000003,2.2737367544323206e-13
Google - Global,Broad,Tour de France,3343.1374997,3343.1374997000007,9.094947017729282e-13,0.32849381758858204,1098.2,1098.2000000000003,2.2737367544323206e-13
Google - US,Broad,Marseille,575.7624977500001,575.7624977500003,2.2737367544323206e-13,1.1662795034829965,671.5,671.5000000000002,2.2737367544323206e-13
MSN - US,Broad,France,1272.824998775,1272.8249987750005,4.547473508864641e-13,0.4026869369263579,512.55,512.5500000000002,2.2737367544323206e-13
Yahoo - US,Standard,Nice,353.36249948750003,353.36249948750014,1.1368683772161603e-13,3.1703986745193085,1120.3,1120.3000000000002,2.2737367544323206e-13
Google - US,Broad,Google|Italy,5337.5624917375,5337.562491737502,1.8189894035458565e-12,0.19587592681461338,1045.5,1045.5000000000002,2.2737367544323206e-13
MSN - US,Broad,Paris,2790.6749951875,2790.674995187501,9.094947017729282e-13,0.2253934983775274,629.0,629.0000000000002,2.2737367544323206e-13
Yahoo - US,Advanced,Cheap International New York,581.8374995500001,581.8374995500002,1.1368683772161603e-13,1.4345929931390926,834.7,834.7000000000003,2.2737367544323206e-13
Google - US,Broad,Google|Spain,12894.0749682625,12894.074968262501,1.8189894035458565e-12,0.09888262656594501,1275.0,1275.0000000000002,2.2737367544323206e-13
Google - US,Broad,Los Angeles to France Sale,194.137499775,194.13749977500007,5.684341886080802e-14,2.49127551637647,483.65,483.6500000000001,1.1368683772161603e-13
Yahoo - US,Advanced,Europe,746.1999985625,746.1999985625002,2.2737367544323206e-13,0.6925757183001575,516.8,516.8000000000001,1.1368683772161603e-13
Google - US,Broad,Google|Flights Relaunch,14117.9999775625,14117.999977562502,1.8189894035458565e-12,0.06171199896477284,871.25,871.2500000000001,1.1368683772161603e-13
Google - US,Broad,New York to Florence Sale,53.2624999375,53.26249993750002,1.4210854715202004e-14,9.208167107730775,490.45,490.4500000000001,1.1368683772161603e-13
Yahoo - US,Advanced,International Atlanta,136.9749998125,136.97499981250004,5.684341886080802e-14,1.2411023926461524,170.0,170.00000000000009,8.526512829121202e-14
Google - US,Broad,Philadelphia to Paris Sale,36.787499975,36.78749997500001,7.105427357601002e-15,11.806999668234454,434.35,434.3500000000001,5.684341886080802e-14
Yahoo - US,Advanced,International DC,268.54999922499997,268.549999225,5.684341886080802e-14,1.1805995193258785,317.05,317.05000000000007,5.684341886080802e-14
Google - US,Broad,Miami to France Sale,142.7874999375,142.78749993750003,2.842170943040401e-14,3.291954829419572,470.05,470.05000000000007,5.684341886080802e-14
MSN - Global,Broad,France,3230.36249735,3230.3624973500005,4.547473508864641e-13,0.12077591921032273,390.15,390.15000000000003,5.684341886080802e-14
Google - US,Broad,Business Class - Generic,2028.0124977499997,2028.0124977500002,4.547473508864641e-13,0.0712520263855953,144.5,144.50000000000006,5.684341886080802e-14
Google - US,Broad,Madrid,450.7999985625,450.79999856250015,1.7053025658242404e-13,0.20929458806757092,94.35,94.35000000000004,4.263256414560601e-14
Google - Global,Broad,Marseille,349.73749945000003,349.7374994500001,5.684341886080802e-14,0.47878766292814806,167.45,167.45000000000002,2.842170943040401e-14
Google - US,Broad,Europe,5631.9874906125,5631.987490612501,9.094947017729282e-13,0.017205293896961724,96.9,96.90000000000003,2.842170943040401e-14
Yahoo - US,Advanced,Airfrance Deal Boston,1.075,1.0750000000000002,2.220446049250313e-16,0.0,0.0,0.0,0.0
Yahoo - US,Advanced,Bargain International Boston,0.7875,0.7875000000000002,2.220446049250313e-16,0.0,0.0,0.0,0.0
Yahoo - US,Advanced,Airfrance Deal DC,0.25,0.25000000000000006,5.551115123125783e-17,0.0,0.0,0.0,0.0
Yahoo - US,Advanced,Business Class - Generic,825.7499991499999,825.7499991500001,2.2737367544323206e-13,0.0,0.0,0.0,0.0
Yahoo - US,Advanced,Turkey Branded,1.05,1.0500000000000005,4.440892098500626e-16,0.0,0.0,0.0,0.0
Yahoo - US,Advanced,Cheap Europe Cincinnati,2.0,2.0000000000000004,4.440892098500626e-16,0.0,0.0,0.0,0.0
Yahoo - US,Advanced,UK,10.8125,10.812500000000004,3.552713678800501e-15,0.0,0.0,0.0,0.0
Yahoo - US,Advanced,Cheap Europe Atlanta,15.387499975,15.387499975000006,5.329070518200751e-15,0.0,0.0,0.0,0.0
Yahoo - US,Advanced,Cheap Europe Boston,5.6125,5.612500000000001,8.881784197001252e-16,0.0,0.0,0.0,0.0
Yahoo - US,Advanced,Venice,68.1124999875,68.11249998750002,1.4210854715202004e-14,0.0,0.0,0.0,0.0
Yahoo - US,Advanced,Cheap Europe DC,1.4625,1.4625000000000001,2.220446049250313e-16,0.0,0.0,0.0,0.0
Yahoo - US,Advanced,Zurich,1.8875,1.8875000000000004,4.440892098500626e-16,0.0,0.0,0.0,0.0
Yahoo - US,Advanced,Cheap Europe Detroit,4.95,4.950000000000002,1.7763568394002505e-15,0.0,0.0,0.0,0.0
Yahoo - US,Advanced,Cheap Europe Houston,2.4875,2.4875000000000007,8.881784197001252e-16,0.0,0.0,0.0,0.0
Yahoo - US,Standard,Bordeaux,8.7125,8.712500000000004,3.552713678800501e-15,0.0,0.0,0.0,0.0
MSN - US,Broad,Seattle to Paris Sale,2.675,2.6750000000000003,4.440892098500626e-16,0.0,0.0,0.0,0.0
Yahoo - US,Advanced,Airfrance Deal Houston,1.0,1.0000000000000002,2.220446049250313e-16,0.0,0.0,0.0,0.0
Yahoo - US,Advanced,Airfrance Deal Miami,0.3125,0.3125000000000001,1.1102230246251565e-16,0.0,0.0,0.0,0.0
Yahoo - US,Advanced,Airfrance Deal Los Angeles,1.025,1.0250000000000001,2.220446049250313e-16,0.0,0.0,0.0,0.0
Yahoo - US,Advanced,Boston to Milan Sale,1.8875,1.8875000000000004,4.440892098500626e-16,0.0,0.0,0.0,0.0
Yahoo - US,Advanced,Atlanta to Venice Sale,0.1875,0.18750000000000006,5.551115123125783e-17,0.0,0.0,0.0,0.0
Yahoo - US,Advanced,Berlin,3.7625,3.7625000000000015,1.3322676295501878e-15,0.0,0.0,0.0,0.0
Yahoo - US,Advanced,Stuttgart,0.9125,0.9125000000000002,2.220446049250313e-16,0.0,0.0,0.0,0.0
Yahoo - US,Advanced,Atlanta to Rome Sale,4.9125,4.912500000000001,1.7763568394002505e-15,0.0,0.0,0.0,0.0
Yahoo - US,Advanced,Atlanta to Naples Sale,0.9875,0.9875000000000004,3.3306690738754696e-16,0.0,0.0,0.0,0.0
Yahoo - US,Advanced,Boston to Florence Sale,4.749999975000001,4.7499999750000015,8.881784197001252e-16,0.0,0.0,0.0,0.0
Yahoo - US,Advanced,Atlanta to Madrid Sale,0.9875,0.9875000000000004,3.3306690738754696e-16,0.0,0.0,0.0,0.0
Yahoo - US,Advanced,Atlanta to Italy Sale,1.7999999999999998,1.8000000000000003,4.440892098500626e-16,0.0,0.0,0.0,0.0
Yahoo - US,Advanced,Atlanta to Greece Sale,0.6125,0.6125000000000003,2.220446049250313e-16,0.0,0.0,0.0,0.0
Yahoo - US,Advanced,Atlanta to France Sale,2.7,2.700000000000001,8.881784197001252e-16,0.0,0.0,0.0,0.0
Yahoo - US,Advanced,Atlanta to Florence Sale,1.4125,1.4125000000000005,4.440892098500626e-16,0.0,0.0,0.0,0.0
Yahoo - US,Advanced,Bargain Europe Boston,1.5,1.5000000000000004,4.440892098500626e-16,0.0,0.0,0.0,0.0
Yahoo - US,Advanced,Atlanta to Barcelona Sale,0.8375,0.8375000000000002,2.220446049250313e-16,0.0,0.0,0.0,0.0
MSN - US,Broad,Paris Branded,22.45,22.450000000000003,3.552713678800501e-15,0.0,0.0,0.0,0.0
Yahoo - US,Advanced,Airfrance Deal San Francisco,0.2375,0.23750000000000004,5.551115123125783e-17,0.0,0.0,0.0,0.0
Yahoo - US,Advanced,Turkey,479.67499953750007,479.6749995375002,1.1368683772161603e-13,0.0,0.0,0.0,0.0
Yahoo - US,Advanced,Airfrance Deal Philadelphia,0.2375,0.23750000000000004,5.551115123125783e-17,0.0,0.0,0.0,0.0
Yahoo - US,Advanced,Boston to Paris Sale,4.4875,4.487500000000001,8.881784197001252e-16,0.0,0.0,0.0,0.0
Yahoo - US,Advanced,Boston to Pisa Sale,1.375,1.3750000000000004,4.440892098500626e-16,0.0,0.0,0.0,0.0
Yahoo - US,Advanced,Boston to Venice Sale,1.125,1.1250000000000002,2.220446049250313e-16,0.0,0.0,0.0,0.0
Yahoo - US,Advanced,Business Class - Branded,8.699999975,8.699999975000003,1.7763568394002505e-15,0.0,0.0,0.0,0.0
Yahoo - US,Advanced,Airfrance Deal New York,5.3875,5.387500000000002,1.7763568394002505e-15,0.0,0.0,0.0,0.0
Yahoo - US,Advanced,Athens,44.8124999,44.812499900000006,7.105427357601002e-15,0.0,0.0,0.0,0.0
Yahoo - US,Standard,Bordeaux Branded,0.3875,0.3875000000000001,1.1102230246251565e-16,0.0,0.0,0.0,0.0
MSN - US,Broad,Nice,172.6749996125,172.67499961250005,5.684341886080802e-14,0.0,0.0,0.0,0.0
Google - US,,Google|Milan,0.2375,0.23750000000000004,5.551115123125783e-17,0.0,0.0,0.0,0.0
Google - US,,Google|agadir,0.65,0.6500000000000002,2.220446049250313e-16,0.0,0.0,0.0,0.0
Yahoo - US,Standard,Nice Branded,0.125,0.12500000000000003,2.7755575615628914e-17,0.0,0.0,0.0,0.0
Google - US,,Google|Turkey,13.0499998625,13.049999862500004,3.552713678800501e-15,0.0,0.0,0.0,0.0
Google - US,,Google|Switzerland,0.325,0.3250000000000001,1.1102230246251565e-16,0.0,0.0,0.0,0.0
Yahoo - US,Standard,Paris Branded,11.137499899999998,11.137499900000002,3.552713678800501e-15,0.0,0.0,0.0,0.0
Google - US,,Google|Stuttgart,10.2,10.200000000000003,3.552713678800501e-15,0.0,0.0,0.0,0.0
Google - US,,Google|Spain,4.6999998,4.6999998000000005,8.881784197001252e-16,0.0,0.0,0.0,0.0
Yahoo - US,Standard,Rome,3.9124999875000004,3.9124999875000013,8.881784197001252e-16,0.0,0.0,0.0,0.0
Yahoo - US,Standard,Switzerland,0.9875,0.9875000000000004,3.3306690738754696e-16,0.0,0.0,0.0,0.0
Google - US,,Google|Rome,0.8749999875000001,0.8749999875000004,3.3306690738754696e-16,0.0,0.0,0.0,0.0
Google - US,,Google|Munich,0.8,0.8000000000000004,3.3306690738754696e-16,0.0,0.0,0.0,0.0
Google - US,,Google|Madrid,1.65,1.6500000000000001,2.220446049250313e-16,0.0,0.0,0.0,0.0
Google - US,,Google|cairo,7.6624999874999995,7.662499987500002,2.6645352591003757e-15,0.0,0.0,0.0,0.0
Yahoo - US,Standard,Turkey,16.1625,16.162500000000005,3.552713678800501e-15,0.0,0.0,0.0,0.0
Google - US,,Google|Italy,4.6874998625,4.687499862500001,8.881784197001252e-16,0.0,0.0,0.0,0.0
Google - US,,Google|Istanbul,6.8625,6.862500000000002,1.7763568394002505e-15,0.0,0.0,0.0,0.0
Google - US,,Google|International General,94.5374955,94.53749550000005,4.263256414560601e-14,0.0,0.0,0.0,0.0
Google - US,,Google|International Flights,3.7875,3.7875000000000014,1.3322676295501878e-15,0.0,0.0,0.0,0.0
Google - US,,Google|International Airfare,5.662499825,5.662499825000001,8.881784197001252e-16,0.0,0.0,0.0,0.0
Google - US,,Google|Hamburg,19.074999974999997,19.074999975,3.552713678800501e-15,0.0,0.0,0.0,0.0
Google - US,,Google|Greece,131.3374998375,131.33749983750002,2.842170943040401e-14,0.0,0.0,0.0,0.0
Google - US,,Google|Germany,0.575,0.5750000000000001,1.1102230246251565e-16,0.0,0.0,0.0,0.0
Google - US,,Google|Frankfurt,1.275,1.2750000000000004,4.440892098500626e-16,0.0,0.0,0.0,0.0
Google - US,,Google|Flights Relaunch,8.7874997,8.787499700000003,3.552713678800501e-15,0.0,0.0,0.0,0.0
Google - US,,Google|belgrade,13.6,13.600000000000003,3.552713678800501e-15,0.0,0.0,0.0,0.0
Google - US,,Google|casablanca,8.8624999875,8.862499987500001,1.7763568394002505e-15,0.0,0.0,0.0,0.0
MSN - US,Broad,Marseille,33.1875,33.18750000000001,7.105427357601002e-15,0.0,0.0,0.0,0.0
Yahoo - US,Standard,Frankfurt,2.1375,2.1375000000000006,4.440892098500626e-16,0.0,0.0,0.0,0.0
MSN - US,Broad,France Branded,6.6125,6.612500000000002,1.7763568394002505e-15,0.0,0.0,0.0,0.0
MSN - US,Broad,Business Class - Generic,128.89999987500002,128.89999987500005,2.842170943040401e-14,0.0,0.0,0.0,0.0
Yahoo - US,Advanced,Cheap Europe Miami,2.4375,2.437500000000001,8.881784197001252e-16,0.0,0.0,0.0,0.0
MSN - Global,Broad,Paris Branded,21.374999925,21.374999925000008,7.105427357601002e-15,0.0,0.0,0.0,0.0
Yahoo - US,Standard,England,18.375,18.375000000000004,3.552713678800501e-15,0.0,0.0,0.0,0.0
MSN - Global,Broad,Nice,83.9749997875,83.97499978750002,2.842170943040401e-14,0.0,0.0,0.0,0.0
Yahoo - US,Standard,France Branded,2.912499975,2.9124999750000007,8.881784197001252e-16,0.0,0.0,0.0,0.0
MSN - Global,Broad,Marseille,2.625,2.625000000000001,8.881784197001252e-16,0.0,0.0,0.0,0.0
MSN - Global,Broad,Lyon,11.1875,11.187500000000004,3.552713678800501e-15,0.0,0.0,0.0,0.0
MSN - Global,Broad,France Branded,0.775,0.7750000000000002,2.220446049250313e-16,0.0,0.0,0.0,0.0
MSN - Global,Broad,Bordeaux,8.7625,8.762500000000001,1.7763568394002505e-15,0.0,0.0,0.0,0.0
Yahoo - US,Standard,Germany,4.75,4.750000000000001,8.881784197001252e-16,0.0,0.0,0.0,0.0
Google - US,,Google|dubai,67.375,67.37500000000001,1.4210854715202004e-14,0.0,0.0,0.0,0.0
Yahoo - US,Standard,London,22.262499875000003,22.26249987500001,7.105427357601002e-15,0.0,0.0,0.0,0.0
Google - US,,Google|tel aviv,27.1375,27.137500000000006,7.105427357601002e-15,0.0,0.0,0.0,0.0
Yahoo - US,Standard,Lyon,13.175,13.175000000000006,5.329070518200751e-15,0.0,0.0,0.0,0.0
Yahoo - US,Standard,Marseille,38.3374998125,38.337499812500006,7.105427357601002e-15,0.0,0.0,0.0,0.0
Google - US,,Google|sofia,0.775,0.7750000000000002,2.220446049250313e-16,0.0,0.0,0.0,0.0
Google - US,,Google|prague,23.6625,23.662500000000012,1.0658141036401503e-14,0.0,0.0,0.0,0.0
Google - US,,Google|nairobi,5.3125,5.312500000000002,1.7763568394002505e-15,0.0,0.0,0.0,0.0
Google - US,,Google|moscow,9.1125,9.112500000000002,1.7763568394002505e-15,0.0,0.0,0.0,0.0
Google - US,,Google|marrakech,4.625,4.625000000000001,8.881784197001252e-16,0.0,0.0,0.0,0.0
Google - US,,Google|kiev,2.3375,2.3375000000000004,4.440892098500626e-16,0.0,0.0,0.0,0.0
Google - US,,Google|johannesburg,0.2375,0.23750000000000004,5.551115123125783e-17,0.0,0.0,0.0,0.0
Yahoo - US,Advanced,Cheap Europe Los Angeles,17.675,17.675000000000008,7.105427357601002e-15,0.0,0.0,0.0,0.0
Yahoo - US,Advanced,Cheap International Houston,197.4499999375,197.44999993750005,5.684341886080802e-14,0.0,0.0,0.0,0.0
Yahoo - US,Advanced,Cheap Europe New York,4.3,4.300000000000001,8.881784197001252e-16,0.0,0.0,0.0,0.0
Yahoo - US,Advanced,International Detroit,111.77499982500001,111.77499982500004,2.842170943040401e-14,0.0,0.0,0.0,0.0
Yahoo - US,Advanced,Los Angeles to Paris Sale,13.112499975,13.112499975000004,3.552713678800501e-15,0.0,0.0,0.0,0.0
Yahoo - US,Advanced,Los Angeles to Greece Sale,2.3375,2.3375000000000004,4.440892098500626e-16,0.0,0.0,0.0,0.0
Yahoo - US,Advanced,Los Angeles to France Sale,13.2375,13.237500000000006,5.329070518200751e-15,0.0,0.0,0.0,0.0
Yahoo - US,Advanced,Los Angeles to Florence Sale,10.225,10.225000000000001,1.7763568394002505e-15,0.0,0.0,0.0,0.0
Yahoo - US,Advanced,Los Angeles to Barcelona Sale,10.975000000000001,10.975000000000005,3.552713678800501e-15,0.0,0.0,0.0,0.0
Yahoo - US,Advanced,Los Angeles to Athens Sale,6.637499999999999,6.637500000000001,1.7763568394002505e-15,0.0,0.0,0.0,0.0
Yahoo - US,Advanced,Italy,130.93749966250002,130.93749966250004,2.842170943040401e-14,0.0,0.0,0.0,0.0
Yahoo - US,Advanced,International San Francisco,284.91249937500004,284.9124993750001,5.684341886080802e-14,0.0,0.0,0.0,0.0
Yahoo - US,Advanced,International Philadelphia,247.3374996375,247.33749963750006,5.684341886080802e-14,0.0,0.0,0.0,0.0
Yahoo - US,Advanced,International Miami,279.01249936249997,279.0124993625,5.684341886080802e-14,0.0,0.0,0.0,0.0
Yahoo - US,Advanced,International Los Angeles,263.68749909999997,263.6874991,5.684341886080802e-14,0.0,0.0,0.0,0.0
Yahoo - US,Advanced,International Houston,109.38749982499999,109.38749982500003,4.263256414560601e-14,0.0,0.0,0.0,0.0
Yahoo - US,Advanced,San Francisco to Rome Sale,6.824999999999999,6.825000000000001,1.7763568394002505e-15,0.0,0.0,0.0,0.0
Yahoo - US,Advanced,Cheap Europe Philadelphia,3.3875,3.3875000000000015,1.3322676295501878e-15,0.0,0.0,0.0,0.0
Yahoo - US,Advanced,International Cincinnati,24.1375,24.137500000000006,7.105427357601002e-15,0.0,0.0,0.0,0.0
Yahoo - US,Advanced,San Francisco to Spain Sale,4.9625,4.962500000000002,1.7763568394002505e-15,0.0,0.0,0.0,0.0
Yahoo - US,Advanced,International Boston,146.8999997875,146.89999978750004,2.842170943040401e-14,0.0,0.0,0.0,0.0
Yahoo - US,Advanced,Houston to Spain Sale,3.6125,3.6125000000000007,8.881784197001252e-16,0.0,0.0,0.0,0.0
Yahoo - US,Advanced,Houston to Rome Sale,0.9875,0.9875000000000004,3.3306690738754696e-16,0.0,0.0,0.0,0.0
Yahoo - US,Advanced,Houston to Paris Sale,0.775,0.7750000000000002,2.220446049250313e-16,0.0,0.0,0.0,0.0
Yahoo - US,Advanced,Houston to Florence Sale,1.5375,1.5375000000000008,6.661338147750939e-16,0.0,0.0,0.0,0.0
Yahoo - US,Advanced,Hanover,1.8375,1.8375000000000004,4.440892098500626e-16,0.0,0.0,0.0,0.0
Yahoo - US,Advanced,Hamburg,6.225,6.2250000000000005,8.881784197001252e-16,0.0,0.0,0.0,0.0
Yahoo - US,Advanced,Greece,124.47499989999999,124.47499990000001,2.842170943040401e-14,0.0,0.0,0.0,0.0
Yahoo - US,Advanced,Germany,16.737499999999997,16.7375,3.552713678800501e-15,0.0,0.0,0.0,0.0
Yahoo - US,Advanced,Florence,46.712499825,46.71249982500001,7.105427357601002e-15,187.9143705193474,8777.95,8777.95,0.0
Yahoo - US,Advanced,Los Angeles to Rome Sale,4.2,4.200000000000002,1.7763568394002505e-15,0.0,0.0,0.0,0.0
Yahoo - US,Advanced,Los Angeles to Spain Sale,5.1125,5.112500000000001,8.881784197001252e-16,0.0,0.0,0.0,0.0
Yahoo - US,Advanced,Los Angeles to Valencia Sale,1.0,1.0000000000000002,2.220446049250313e-16,0.0,0.0,0.0,0.0
Yahoo - US,Advanced,Los Angeles to Venice Sale,1.5125,1.5125000000000004,4.440892098500626e-16,0.0,0.0,0.0,0.0
Yahoo - US,Advanced,San Francisco to Florence Sale,13.325,13.325000000000001,1.7763568394002505e-15,0.0,0.0,0.0,0.0
Yahoo - US,Advanced,Philadelphia to Venice Sale,1.7625,1.7625000000000004,4.440892098500626e-16,0.0,0.0,0.0,0.0
Yahoo - US,Advanced,San Francisco to France Sale,6.5375000000000005,6.537500000000002,1.7763568394002505e-15,0.0,0.0,0.0,0.0
Yahoo - US,Advanced,San Francisco to Paris Sale,16.775,16.775000000000002,3.552713678800501e-15,0.0,0.0,0.0,0.0
Yahoo - US,Advanced,Philadelphia to Milan Sale,3.6,3.6000000000000014,1.3322676295501878e-15,0.0,0.0,0.0,0.0
Yahoo - US,Advanced,Philadelphia to Greece Sale,1.225,1.2250000000000005,4.440892098500626e-16,0.0,0.0,0.0,0.0
Yahoo - US,Advanced,Philadelphia to Florence Sale,6.6875,6.687500000000002,1.7763568394002505e-15,0.0,0.0,0.0,0.0
Yahoo - US,Advanced,New York to Venice Sale,4.337499975,4.337499975000001,8.881784197001252e-16,0.0,0.0,0.0,0.0
Yahoo - US,Advanced,New York to Spain Sale,4.5875,4.587500000000001,8.881784197001252e-16,0.0,0.0,0.0,0.0
Yahoo - US,Advanced,New York to Rome Sale,7.3625,7.362500000000002,1.7763568394002505e-15,0.0,0.0,0.0,0.0
Yahoo - US,Advanced,New York to Pisa Sale,1.2125,1.2125000000000004,4.440892098500626e-16,0.0,0.0,0.0,0.0
Yahoo - US,Advanced,New York to Paris Sale,6.675,6.675000000000002,1.7763568394002505e-15,0.0,0.0,0.0,0.0
Yahoo - US,Advanced,New York to Italy Sale,0.475,0.4750000000000001,1.1102230246251565e-16,0.0,0.0,0.0,0.0
Yahoo - US,Advanced,New York to Greece Sale,3.1875,3.187500000000001,8.881784197001252e-16,0.0,0.0,0.0,0.0
Yahoo - US,Advanced,New York to France Sale,10.1625,10.162500000000001,1.7763568394002505e-15,0.0,0.0,0.0,0.0
Yahoo - US,Advanced,New York to Florence Sale,9.6874999375,9.687499937500004,3.552713678800501e-15,0.0,0.0,0.0,0.0
Yahoo - US,Advanced,New York to Barcelona Sale,0.45,0.4500000000000002,1.6653345369377348e-16,0.0,0.0,0.0,0.0
Yahoo - US,Advanced,New York to Athens Sale,3.8124999750000006,3.8124999750000015,8.881784197001252e-16,0.0,0.0,0.0,0.0
Yahoo - US,Advanced,Munich,7.6000000000000005,7.600000000000002,1.7763568394002505e-15,0.0,0.0,0.0,0.0
Yahoo - US,Advanced,Milan,10.999999975000001,10.999999975000005,3.552713678800501e-15,0.0,0.0,0.0,0.0
Yahoo - US,Advanced,Miami to Italy Sale,2.3375000000000004,2.337500000000001,4.440892098500626e-16,0.0,0.0,0.0,0.0
Yahoo - US,Advanced,Luxury Flight,17.1124999875,17.112499987500005,3.552713678800501e-15,0.0,0.0,0.0,0.0
Yahoo - US,Advanced,San Francisco to Pisa Sale,0.675,0.6750000000000003,2.220446049250313e-16,0.0,0.0,0.0,0.0
Yahoo - US,Advanced,Low International Houston,0.6875,0.6875000000000002,2.220446049250313e-16,0.0,0.0,0.0,0.0
Yahoo - US,Advanced,Low Europe Chicago,2.5375,2.537500000000001,8.881784197001252e-16,0.0,0.0,0.0,0.0
Yahoo - US,Advanced,Europe San Francisco,11.65,11.650000000000004,3.552713678800501e-15,0.0,0.0,0.0,0.0
Yahoo - US,Advanced,Europe Philadelphia,3.1,3.100000000000001,8.881784197001252e-16,0.0,0.0,0.0,0.0
Yahoo - US,Advanced,Europe New York,28.6499999875,28.64999998750001,1.0658141036401503e-14,0.0,0.0,0.0,0.0
Yahoo - US,Advanced,DC to Paris Sale,7.5,7.500000000000002,1.7763568394002505e-15,0.0,0.0,0.0,0.0
Yahoo - US,Advanced,DC to Barcelona Sale,1.8375,1.8375000000000004,4.440892098500626e-16,0.0,0.0,0.0,0.0
Yahoo - US,Advanced,DC to Athens Sale,1.325,1.3250000000000002,2.220446049250313e-16,0.0,0.0,0.0,0.0
Yahoo - US,Advanced,Cologne,252.49999971250003,252.49999971250008,5.684341886080802e-14,0.0,0.0,0.0,0.0
Yahoo - US,Advanced,Cincinnati to Pisa Sale,0.9125,0.9125000000000002,2.220446049250313e-16,0.0,0.0,0.0,0.0
Yahoo - US,Advanced,Chicago to Spain Sale,0.875,0.8750000000000002,2.220446049250313e-16,0.0,0.0,0.0,0.0
Yahoo - US,Advanced,Chicago to Rome Sale,7.15,7.150000000000003,2.6645352591003757e-15,0.0,0.0,0.0,0.0
Yahoo - US,Advanced,Chicago to Paris Sale,2.875,2.875000000000001,8.881784197001252e-16,0.0,0.0,0.0,0.0
Yahoo - US,Advanced,Chicago to Milan Sale,1.8875,1.8875000000000004,4.440892098500626e-16,0.0,0.0,0.0,0.0
Yahoo - US,Advanced,Chicago to Malaga Sale,2.1500000000000004,2.150000000000001,4.440892098500626e-16,0.0,0.0,0.0,0.0
Yahoo - US,Advanced,Chicago to Madrid Sale,1.0750000000000002,1.0750000000000004,2.220446049250313e-16,0.0,0.0,0.0,0.0
Yahoo - US,Advanced,Chicago to Italy Sale,0.2875,0.28750000000000003,5.551115123125783e-17,0.0,0.0,0.0,0.0
Yahoo - US,Advanced,Spain,198.06249963749997,198.06249963750003,5.684341886080802e-14,0.0,0.0,0.0,0.0
Yahoo - US,Advanced,Chicago to France Sale,8.0,8.000000000000002,1.7763568394002505e-15,0.0,0.0,0.0,0.0
Yahoo - US,Advanced,Chicago to Florence Sale,5.774999987499999,5.774999987500001,1.7763568394002505e-15,0.0,0.0,0.0,0.0
Yahoo - US,Advanced,Cheap International San Francisco,410.9249992124999,410.92499921250004,1.1368683772161603e-13,0.0,0.0,0.0,0.0
Yahoo - US,Advanced,Cheap International Philadelphia,110.13749992499999,110.13749992500001,2.842170943040401e-14,0.0,0.0,0.0,0.0
Yahoo - US,Advanced,Cheap International Miami,94.82499992499999,94.82499992500001,2.842170943040401e-14,0.0,0.0,0.0,0.0
Yahoo - US,Advanced,Cheap International Los Angeles,434.94999920000004,434.94999920000015,1.1368683772161603e-13,0.0,0.0,0.0,0.0
Yahoo - US,Advanced,San Francisco to Athens Sale,5.925,5.925000000000002,1.7763568394002505e-15,0.0,0.0,0.0,0.0
Yahoo - US,Advanced,Cheap International Detroit,78.5999999125,78.59999991250002,2.842170943040401e-14,0.0,0.0,0.0,0.0
Yahoo - US,Advanced,Cheap International DC,161.46249982499998,161.462499825,2.842170943040401e-14,0.0,0.0,0.0,0.0
Yahoo - US,Advanced,Cheap International Cincinnati,6.699999999999999,6.700000000000001,1.7763568394002505e-15,0.0,0.0,0.0,0.0
Yahoo - US,Advanced,Cheap International Chicago,213.43749956250002,213.43749956250005,2.842170943040401e-14,0.0,0.0,0.0,0.0
Yahoo - US,Advanced,Cheap International Boston,199.6249997625,199.62499976250007,5.684341886080802e-14,0.0,0.0,0.0,0.0
Yahoo - US,Advanced,Cheap International Atlanta,85.33749998750001,85.33749998750004,2.842170943040401e-14,0.0,0.0,0.0,0.0
Google - US,,Google|England,0.8,0.8000000000000004,3.3306690738754696e-16,0.0,0.0,0.0,0.0
Yahoo - US,Advanced,DC to Rome Sale,3.05,3.0500000000000003,4.440892098500626e-16,0.0,0.0,0.0,0.0
Yahoo - US,Advanced,Europe Miami,9.0625,9.062500000000002,1.7763568394002505e-15,0.0,0.0,0.0,0.0
Yahoo - US,Advanced,DC to Venice Sale,2.5625,2.562500000000001,8.881784197001252e-16,0.0,0.0,0.0,0.0
Yahoo - US,Advanced,Europe Los Angeles,22.6,22.60000000000001,7.105427357601002e-15,0.0,0.0,0.0,0.0
Yahoo - US,Advanced,Europe DC,1.2625,1.2625000000000002,2.220446049250313e-16,0.0,0.0,0.0,0.0
Yahoo - US,Advanced,Europe Chicago,98.399999875,98.39999987500003,2.842170943040401e-14,0.0,0.0,0.0,0.0
Yahoo - US,Advanced,Europe Boston,5.7625,5.762500000000002,1.7763568394002505e-15,0.0,0.0,0.0,0.0
Yahoo - US,Advanced,Europe Atlanta,6.574999999999999,6.575000000000001,1.7763568394002505e-15,0.0,0.0,0.0,0.0
Yahoo - US,Advanced,Discount International San Francisco,2.7,2.700000000000001,8.881784197001252e-16,0.0,0.0,0.0,0.0
Yahoo - US,Advanced,Discount International Philadelphia,8.75,8.750000000000002,1.7763568394002505e-15,0.0,0.0,0.0,0.0
Yahoo - US,Advanced,Discount International New York,10.149999975,10.149999975000004,3.552713678800501e-15,0.0,0.0,0.0,0.0
Yahoo - US,Advanced,Discount International Miami,6.7124999999999995,6.712500000000001,1.7763568394002505e-15,0.0,0.0,0.0,0.0
Yahoo - US,Advanced,Discount International Los Angeles,22.0374999,22.037499900000007,7.105427357601002e-15,0.0,0.0,0.0,0.0
Yahoo - US,Advanced,Discount International Houston,1.0625,1.0625000000000002,2.220446049250313e-16,0.0,0.0,0.0,0.0
Yahoo - US,Advanced,Discount International Detroit,2.85,2.850000000000001,8.881784197001252e-16,0.0,0.0,0.0,0.0
Yahoo - US,Advanced,Discount International DC,15.85,15.850000000000003,3.552713678800501e-15,0.0,0.0,0.0,0.0
Yahoo - US,Advanced,San Francisco to Venice Sale,6.1625,6.1625000000000005,8.881784197001252e-16,0.0,0.0,0.0,0.0
Yahoo - US,Advanced,Discount International Chicago,21.137500000000003,21.13750000000001,7.105427357601002e-15,0.0,0.0,0.0,0.0
Yahoo - US,Advanced,Discount International Boston,2.837499975,2.837499975000001,8.881784197001252e-16,0.0,0.0,0.0,0.0
Yahoo - US,Advanced,Seattle to Paris Sale,0.35,0.35000000000000003,5.551115123125783e-17,0.0,0.0,0.0,0.0
Yahoo - US,Advanced,Discount International Atlanta,6.5375,6.5375000000000005,8.881784197001252e-16,0.0,0.0,0.0,0.0
Yahoo - US,Advanced,Discount Europe San Francisco,1.8375,1.8375000000000004,4.440892098500626e-16,0.0,0.0,0.0,0.0
Yahoo - US,Advanced,Discount Europe New York,10.9375,10.937500000000004,3.552713678800501e-15,0.0,0.0,0.0,0.0
Yahoo - US,Advanced,Discount Europe Los Angeles,2.4125,2.412500000000001,8.881784197001252e-16,0.0,0.0,0.0,0.0
Yahoo - US,Advanced,Discount Europe Chicago,3.9375,3.937500000000001,8.881784197001252e-16,0.0,0.0,0.0,0.0
Yahoo - US,Advanced,Detroit to Venice Sale,1.675,1.6750000000000005,4.440892098500626e-16,0.0,0.0,0.0,0.0
Yahoo - US,Advanced,Detroit to Rome Sale,1.3875,1.3875000000000002,2.220446049250313e-16,0.0,0.0,0.0,0.0
Yahoo - US,Advanced,Detroit to Italy Sale,1.025,1.0250000000000001,2.220446049250313e-16,0.0,0.0,0.0,0.0
Yahoo - US,Advanced,DC to France Sale,1.6625,1.6625000000000008,6.661338147750939e-16,0.0,0.0,0.0,0.0
Google - US,Broad,San Francisco to Athens Sale,34.49999995,34.49999995000001,7.105427357601002e-15,0.0,0.0,0.0,0.0
Google - US,,Google|Discount Airfare,36.824999625,36.824999625000004,7.105427357601002e-15,0.0,0.0,0.0,0.0
Google - US,Broad,Detroit to Paris Sale,46.0374999875,46.03749998750001,1.4210854715202004e-14,0.0,0.0,0.0,0.0
Google - US,Broad,Detroit to Italy Sale,35.79999995,35.79999995000001,7.105427357601002e-15,0.0,0.0,0.0,0.0
Google - US,Broad,Detroit to Greece Sale,13.062499975000001,13.062499975000005,3.552713678800501e-15,0.0,0.0,0.0,0.0
Google - US,Broad,Detroit to France Sale,38.074999999999996,38.07500000000001,1.4210854715202004e-14,0.0,0.0,0.0,0.0
Google - US,Broad,Detroit to Barcelona Sale,9.75,9.750000000000004,3.552713678800501e-15,0.0,0.0,0.0,0.0
Google - US,Broad,Detroit to Athens Sale,11.925,11.925000000000006,5.329070518200751e-15,0.0,0.0,0.0,0.0
Google - US,Broad,DC to Venice Sale,17.962499975,17.962499975000004,3.552713678800501e-15,0.0,0.0,0.0,0.0
Google - US,Broad,DC to Valencia Sale,0.9,0.9000000000000004,3.3306690738754696e-16,0.0,0.0,0.0,0.0
Google - US,Broad,DC to Spain Sale,28.112499999999997,28.112500000000004,7.105427357601002e-15,0.0,0.0,0.0,0.0
Google - US,Broad,DC to Seville Sale,2.15,2.1500000000000004,4.440892098500626e-16,0.0,0.0,0.0,0.0
Google - US,Broad,DC to Rome Sale,115.67499997499999,115.67499997500002,2.842170943040401e-14,0.0,0.0,0.0,0.0
Google - US,Broad,DC to Paris Sale,140.987499925,140.98749992500004,2.842170943040401e-14,0.0,0.0,0.0,0.0
Google - US,Broad,DC to Madrid Sale,19.15,19.150000000000002,3.552713678800501e-15,0.0,0.0,0.0,0.0
Google - US,Broad,DC to Italy Sale,115.6124999,115.61249990000005,4.263256414560601e-14,0.0,0.0,0.0,0.0
Google - US,Broad,DC to Greece Sale,5.8,5.800000000000001,8.881784197001252e-16,0.0,0.0,0.0,0.0
Google - US,Broad,DC to Florence Sale,16.3125,16.312500000000004,3.552713678800501e-15,0.0,0.0,0.0,0.0
Google - US,Broad,DC to Barcelona Sale,99.4874998125,99.48749981250003,2.842170943040401e-14,0.0,0.0,0.0,0.0
Google - US,Broad,DC to Athens Sale,39.4875,39.48750000000001,1.4210854715202004e-14,0.0,0.0,0.0,0.0
Google - US,Broad,Chicago to France Sale,87.0749999,87.07499990000002,2.842170943040401e-14,0.0,0.0,0.0,0.0
Google - US,Broad,Cheap International Philadelphia,75.97499996250001,75.97499996250002,1.4210854715202004e-14,0.0,0.0,0.0,0.0
Google - US,Broad,Cheap International New York,51.1625,51.162500000000016,1.4210854715202004e-14,0.0,0.0,0.0,0.0
Google - US,Broad,Cheap International Los Angeles,110.72499987500001,110.72499987500005,4.263256414560601e-14,0.0,0.0,0.0,0.0
Google - US,Broad,Cheap International Detroit,123.3999998875,123.39999988750003,2.842170943040401e-14,0.0,0.0,0.0,0.0
Google - US,Broad,Cheap International DC,33.125,33.12500000000001,7.105427357601002e-15,0.0,0.0,0.0,0.0
Google - US,Broad,Cheap International Boston,53.937499974999994,53.937499975000016,2.1316282072803006e-14,0.0,0.0,0.0,0.0
Google - US,Broad,Cheap Europe Philadelphia,6.8875,6.887500000000002,1.7763568394002505e-15,0.0,0.0,0.0,0.0
Google - US,Broad,Cheap Europe New York,21.149999975,21.149999975000007,7.105427357601002e-15,0.0,0.0,0.0,0.0
Google - US,Broad,Cheap Europe Los Angeles,33.8625,33.862500000000004,7.105427357601002e-15,0.0,0.0,0.0,0.0
Google - US,Broad,Detroit to Madrid Sale,3.0500000000000003,3.050000000000001,8.881784197001252e-16,0.0,0.0,0.0,0.0
Google - US,Broad,Detroit to Rome Sale,17.575,17.575000000000003,3.552713678800501e-15,0.0,0.0,0.0,0.0
Google - US,,Google|Delhi,90.0124998,90.01249980000003,2.842170943040401e-14,0.0,0.0,0.0,0.0
Google - US,Broad,Detroit to Spain Sale,29.6125,29.61250000000001,1.0658141036401503e-14,0.0,0.0,0.0,0.0
Google - US,Broad,Google|Germany,2530.5374894125,2530.5374894125007,9.094947017729282e-13,0.0,0.0,0.0,0.0
Google - US,Broad,Google|Geneva,410.1124992125,410.11249921250004,5.684341886080802e-14,0.0,0.0,0.0,0.0
Google - US,Broad,Google|Frankfurt,238.862499375,238.86249937500008,8.526512829121202e-14,0.0,0.0,0.0,0.0
Google - US,Broad,Google|Florence,569.3124997625,569.3124997625001,1.1368683772161603e-13,0.0,0.0,0.0,0.0
Google - US,Broad,Google|England,125.2624997625,125.26249976250003,2.842170943040401e-14,0.0,0.0,0.0,0.0
Google - US,Broad,Google|Discount Airfare,954.8374995874999,954.8374995875001,2.2737367544323206e-13,0.0,0.0,0.0,0.0
Google - US,Broad,Google|Delhi,865.3499985875,865.3499985875002,2.2737367544323206e-13,0.0,0.0,0.0,0.0
Google - US,Broad,Google|Cologne,202.81249971249997,202.81249971250003,5.684341886080802e-14,0.0,0.0,0.0,0.0
Google - US,Broad,Google|Britain,10.6625,10.662500000000001,1.7763568394002505e-15,0.0,0.0,0.0,0.0
Google - US,Broad,Google|Berlin,217.5374998625,217.53749986250006,5.684341886080802e-14,0.0,0.0,0.0,0.0
Google - US,Broad,Germany,1.3125,1.3125000000000004,4.440892098500626e-16,0.0,0.0,0.0,0.0
Google - US,Broad,France Branded,47.699999937499996,47.69999993750001,1.4210854715202004e-14,0.0,0.0,0.0,0.0
Google - US,Broad,Florence Branded,11.037499850000001,11.037499850000003,1.7763568394002505e-15,0.0,0.0,0.0,0.0
Google - US,Broad,Europe Philadelphia,39.3499999875,39.34999998750001,1.4210854715202004e-14,0.0,0.0,0.0,0.0
Google - US,Broad,Europe New York,43.487500000000004,43.48750000000001,7.105427357601002e-15,0.0,0.0,0.0,0.0
Google - US,Broad,Europe Los Angeles,40.12499995,40.12499995000002,1.4210854715202004e-14,0.0,0.0,0.0,0.0
Google - US,Broad,Europe Detroit,58.4,58.40000000000001,1.4210854715202004e-14,0.0,0.0,0.0,0.0
Google - US,Broad,Europe DC,33.737499975,33.73749997500001,1.4210854715202004e-14,0.0,0.0,0.0,0.0
Google - US,Broad,Europe Branded,27.062499837500003,27.06249983750001,7.105427357601002e-15,0.0,0.0,0.0,0.0
Google - US,Broad,Europe Boston,44.45,44.45000000000002,1.4210854715202004e-14,0.0,0.0,0.0,0.0
Google - US,Broad,Discount International Philadelphia,5.4875,5.487500000000001,8.881784197001252e-16,0.0,0.0,0.0,0.0
Google - US,Broad,Discount International Detroit,8.3125,8.312500000000002,1.7763568394002505e-15,0.0,0.0,0.0,0.0
Google - US,Broad,Discount Europe Los Angeles,5.525,5.525000000000002,1.7763568394002505e-15,0.0,0.0,0.0,0.0
Google - US,Broad,Discount Europe Detroit,3.3125,3.312500000000001,8.881784197001252e-16,0.0,0.0,0.0,0.0
Google - US,Broad,Discount Europe Boston,7.275,7.275000000000003,2.6645352591003757e-15,0.0,0.0,0.0,0.0
Google - US,Broad,Detroit to Venice Sale,2.45,2.450000000000001,8.881784197001252e-16,0.0,0.0,0.0,0.0
Google - US,Broad,Detroit to Turin Sale,2.1625,2.162500000000001,8.881784197001252e-16,0.0,0.0,0.0,0.0
Google - US,Broad,Cheap Europe Detroit,13.212499975,13.212499975000004,3.552713678800501e-15,0.0,0.0,0.0,0.0
Google - US,Broad,Cheap Europe DC,21.6625,21.66250000000001,7.105427357601002e-15,0.0,0.0,0.0,0.0
Google - US,Broad,Cheap Europe Boston,26.825,26.825000000000006,7.105427357601002e-15,0.0,0.0,0.0,0.0
Google - US,Broad,Business Class - Branded,67.29999991250001,67.29999991250003,1.4210854715202004e-14,0.0,0.0,0.0,0.0
Google - Global,Broad,Warsaw,2.5875000000000004,2.5875000000000012,8.881784197001252e-16,0.0,0.0,0.0,0.0
Google - Global,Broad,Vienna,35.2875,35.287500000000016,1.4210854715202004e-14,0.0,0.0,0.0,0.0
Google - Global,Broad,Venice,51.987499937500004,51.987499937500026,2.1316282072803006e-14,0.0,0.0,0.0,0.0
Google - Global,Broad,Strasbourg,25.9375,25.937500000000007,7.105427357601002e-15,0.0,0.0,0.0,0.0
Google - Global,Broad,Stockholm,5.6875,5.687500000000002,1.7763568394002505e-15,0.0,0.0,0.0,0.0
Google - Global,Broad,St. Petersburg,12.225,12.225000000000003,3.552713678800501e-15,0.0,0.0,0.0,0.0
Google - Global,Broad,Southampton,1.5625,1.5625000000000004,4.440892098500626e-16,0.0,0.0,0.0,0.0
Google - Global,Broad,Pisa,12.65,12.650000000000004,3.552713678800501e-15,0.0,0.0,0.0,0.0
Google - Global,Broad,Paris Branded,85.97499966250001,85.97499966250004,2.842170943040401e-14,0.0,0.0,0.0,0.0
Google - Global,Broad,Oslo,10.7125,10.712500000000004,3.552713678800501e-15,0.0,0.0,0.0,0.0
Google - Global,Broad,Naples,7.575,7.575000000000003,2.6645352591003757e-15,0.0,0.0,0.0,0.0
Google - Global,Broad,Manchester,10.024999975,10.024999975000004,3.552713678800501e-15,0.0,0.0,0.0,0.0
Google - Global,Broad,Lisbon,11.075,11.075000000000001,1.7763568394002505e-15,0.0,0.0,0.0,0.0
Google - Global,Broad,Krakow,5.1,5.100000000000001,1.7763568394002505e-15,0.0,0.0,0.0,0.0
Google - Global,Broad,Helsinki,12.4874999875,12.487499987500003,3.552713678800501e-15,0.0,0.0,0.0,0.0
Google - Global,Broad,Gothenburg,11.8,11.800000000000006,5.329070518200751e-15,0.0,0.0,0.0,0.0
Google - Global,Broad,Glasgow,4.8875,4.887500000000002,1.7763568394002505e-15,0.0,0.0,0.0,0.0
Google - Global,Broad,Genoa,3.0,3.000000000000001,8.881784197001252e-16,0.0,0.0,0.0,0.0
Google - Global,Broad,Dusseldorf,19.5875,19.587500000000006,7.105427357601002e-15,0.0,0.0,0.0,0.0
Google - Global,Broad,Copenhagen,23.262499975,23.262499975000008,7.105427357601002e-15,0.0,0.0,0.0,0.0
Google - Global,Broad,Budapest,88.39999998750001,88.39999998750004,2.842170943040401e-14,0.0,0.0,0.0,0.0
Google - Global,Broad,Bucharest,28.1375,28.137500000000006,7.105427357601002e-15,0.0,0.0,0.0,0.0
Google - Global,Broad,Brussels,97.91249996250001,97.91249996250004,2.842170943040401e-14,0.0,0.0,0.0,0.0
Google - Global,Broad,Bordeaux,198.53749957500003,198.53749957500006,2.842170943040401e-14,0.0,0.0,0.0,0.0
Google - Global,Broad,Bologna,11.25,11.250000000000004,3.552713678800501e-15,0.0,0.0,0.0,0.0
Google - Global,Broad,Basel,1.3875,1.3875000000000002,2.220446049250313e-16,0.0,0.0,0.0,0.0
Google - Global,Broad,Amsterdam,124.062499825,124.06249982500003,2.842170943040401e-14,0.0,0.0,0.0,0.0
Google - Global,Broad,Zagreb,8.0875,8.087500000000004,3.552713678800501e-15,0.0,0.0,0.0,0.0
Google - Global,Broad,Zurich,48.7749998875,48.774999887500016,1.4210854715202004e-14,0.0,0.0,0.0,0.0
Google - Global,,Air France,2.5874999499999998,2.5874999500000007,8.881784197001252e-16,0.0,0.0,0.0,0.0
Google - US,Broad,Boston to Athens Sale,8.0875,8.087500000000004,3.552713678800501e-15,0.0,0.0,0.0,0.0
Google - US,Broad,Boston to Venice Sale,7.325,7.325000000000003,2.6645352591003757e-15,0.0,0.0,0.0,0.0
Google - US,Broad,Boston to Spain Sale,3.6375,3.6375000000000015,1.3322676295501878e-15,0.0,0.0,0.0,0.0
Google - US,Broad,Boston to Seville Sale,5.0875,5.087500000000002,1.7763568394002505e-15,0.0,0.0,0.0,0.0
Google - US,Broad,Boston to Rome Sale,337.5499999,337.5499999000001,1.1368683772161603e-13,0.0,0.0,0.0,0.0
Google - US,Broad,Boston to Naples Sale,1.0625,1.0625000000000002,2.220446049250313e-16,0.0,0.0,0.0,0.0
Google - US,Broad,Boston to Milan Sale,6.050000000000001,6.0500000000000025,1.7763568394002505e-15,0.0,0.0,0.0,0.0
Google - US,Broad,Boston to Madrid Sale,10.574999975,10.574999975000004,3.552713678800501e-15,0.0,0.0,0.0,0.0
Google - US,Broad,Boston to Italy Sale,19.5,19.500000000000007,7.105427357601002e-15,0.0,0.0,0.0,0.0
Google - US,Broad,Boston to Greece Sale,1.25,1.2500000000000004,4.440892098500626e-16,0.0,0.0,0.0,0.0
Google - US,Broad,Boston to France Sale,66.3749998875,66.37499988750001,1.4210854715202004e-14,0.0,0.0,0.0,0.0
Google - US,Broad,Boston to Florence Sale,1.275,1.2750000000000004,4.440892098500626e-16,0.0,0.0,0.0,0.0
Google - US,Broad,Boston to Barcelona Sale,7.0874999999999995,7.087500000000002,2.6645352591003757e-15,0.0,0.0,0.0,0.0
Google - US,Broad,Bordeaux Branded,33.8125,33.81250000000001,7.105427357601002e-15,0.0,0.0,0.0,0.0
Google - Global,,Air France Website,2.375,2.3750000000000004,4.440892098500626e-16,0.0,0.0,0.0,0.0
Google - US,Broad,Bordeaux,1230.4124971375,1230.4124971375004,4.547473508864641e-13,0.0,0.0,0.0,0.0
Google - US,Broad,Barcelona Branded,17.3249998375,17.324999837500002,3.552713678800501e-15,0.0,0.0,0.0,0.0
Google - US,Broad,Athens Branded,11.025,11.025000000000004,3.552713678800501e-15,0.0,0.0,0.0,0.0
Google - US,Broad,Airfrance Deal New York,3.4749999999999996,3.4750000000000005,8.881784197001252e-16,0.0,0.0,0.0,0.0
Google - US,Broad,Airfrance Deal Los Angeles,0.4875,0.4875000000000001,1.1102230246251565e-16,0.0,0.0,0.0,0.0
Google - US,Broad,Airfrance Deal Detroit,1.6875,1.6875000000000004,4.440892098500626e-16,0.0,0.0,0.0,0.0
Google - US,Broad,Airfrance Deal DC,2.175,2.1750000000000003,4.440892098500626e-16,0.0,0.0,0.0,0.0
Google - US,Broad,Airfrance Deal Boston,1.225,1.2250000000000005,4.440892098500626e-16,0.0,0.0,0.0,0.0
Google - Global,,Paris,1.9375,1.9375000000000004,4.440892098500626e-16,0.0,0.0,0.0,0.0
Google - Global,,Nice,0.575,0.5750000000000001,1.1102230246251565e-16,0.0,0.0,0.0,0.0
Google - Global,,Lyon,0.2625,0.2625000000000001,1.1102230246251565e-16,0.0,0.0,0.0,0.0
Google - Global,,Bordeaux,0.275,0.2750000000000001,5.551115123125783e-17,0.0,0.0,0.0,0.0
Google - US,Broad,Google|Greece,2871.537492075,2871.537492075001,9.094947017729282e-13,0.0,0.0,0.0,0.0
Google - US,Broad,Google|Hamburg,105.37499995,105.37499995000003,2.842170943040401e-14,0.0,0.0,0.0,0.0
Google - US,Broad,Google|Hanover,59.7749999125,59.77499991250002,2.1316282072803006e-14,0.0,0.0,0.0,0.0
Google - US,Broad,Los Angeles to Italy Sale,13.025,13.025000000000004,3.552713678800501e-15,0.0,0.0,0.0,0.0
Google - US,Broad,New York to Venice Sale,28.7,28.700000000000006,7.105427357601002e-15,0.0,0.0,0.0,0.0
Google - US,Broad,New York to Spain Sale,79.0374999125,79.03749991250002,2.842170943040401e-14,0.0,0.0,0.0,0.0
Google - US,Broad,New York to Rome Sale,222.2874998,222.2874998000001,8.526512829121202e-14,0.0,0.0,0.0,0.0
Google - US,Broad,New York to Naples Sale,3.35,3.350000000000001,8.881784197001252e-16,0.0,0.0,0.0,0.0
Google - US,Broad,New York to Milan Sale,4.6875,4.687500000000001,8.881784197001252e-16,0.0,0.0,0.0,0.0
Google - US,Broad,New York to Malaga Sale,1.725,1.7250000000000008,6.661338147750939e-16,0.0,0.0,0.0,0.0
Google - US,Broad,New York to Madrid Sale,46.06249995,46.06249995000001,7.105427357601002e-15,0.0,0.0,0.0,0.0
Google - US,Broad,New York to Italy Sale,221.0499999625,221.04999996250007,5.684341886080802e-14,0.0,0.0,0.0,0.0
Google - US,Broad,New York to Barcelona Sale,141.91249975,141.91249975000002,2.842170943040401e-14,0.0,0.0,0.0,0.0
Google - US,Broad,New York to Athens Sale,73.2249999,73.22499990000001,1.4210854715202004e-14,0.0,0.0,0.0,0.0
Google - US,Broad,Milan Branded,2.05,2.0500000000000003,4.440892098500626e-16,0.0,0.0,0.0,0.0
Google - US,Broad,Milan,311.0749996625,311.0749996625001,1.1368683772161603e-13,0.0,0.0,0.0,0.0
Google - US,Broad,Miami to Paris Sale,101.0374996875,101.03749968750002,1.4210854715202004e-14,0.0,0.0,0.0,0.0
Google - US,Broad,Marseille Branded,0.975,0.9750000000000002,2.220446049250313e-16,0.0,0.0,0.0,0.0
Google - US,Broad,Madrid Branded,2.1375,2.1375000000000006,4.440892098500626e-16,0.0,0.0,0.0,0.0
Google - US,Broad,Lyon,1252.1624989625002,1252.1624989625006,4.547473508864641e-13,0.0,0.0,0.0,0.0
Google - US,Broad,Luxury Flight,193.21249968749999,193.21249968750004,5.684341886080802e-14,0.0,0.0,0.0,0.0
Google - US,Broad,Luxury - Branded,0.0625,0.06250000000000001,1.3877787807814457e-17,0.0,0.0,0.0,0.0
Google - US,Broad,Low International Los Angeles,3.4625,3.462500000000001,8.881784197001252e-16,0.0,0.0,0.0,0.0
Google - US,Broad,Low International Detroit,6.0875,6.087500000000003,2.6645352591003757e-15,0.0,0.0,0.0,0.0
Google - US,Broad,Low Europe New York,2.4875,2.4875000000000007,8.881784197001252e-16,0.0,0.0,0.0,0.0
Google - US,Broad,Los Angeles to Venice Sale,2.825,2.825000000000001,8.881784197001252e-16,0.0,0.0,0.0,0.0
Google - US,Broad,Los Angeles to Spain Sale,9.6875,9.687500000000004,3.552713678800501e-15,0.0,0.0,0.0,0.0
Google - US,Broad,Los Angeles to Seville Sale,2.0125,2.0125000000000006,4.440892098500626e-16,0.0,0.0,0.0,0.0
Google - US,Broad,Los Angeles to Rome Sale,29.0875,29.087500000000006,7.105427357601002e-15,0.0,0.0,0.0,0.0
Google - US,Broad,Los Angeles to Milan Sale,7.35,7.350000000000001,1.7763568394002505e-15,0.0,0.0,0.0,0.0
Google - US,Broad,Los Angeles to Malaga Sale,3.9875,3.9875000000000007,8.881784197001252e-16,0.0,0.0,0.0,0.0
Google - US,Broad,Paris Xpress,52.8999999,52.899999900000005,7.105427357601002e-15,0.0,0.0,0.0,0.0
Google - US,Broad,Philadelphia to Athens Sale,4.3875,4.387500000000002,1.7763568394002505e-15,0.0,0.0,0.0,0.0
Google - US,Broad,Philadelphia to Barcelona Sale,19.9,19.900000000000006,7.105427357601002e-15,0.0,0.0,0.0,0.0
Google - US,Broad,Turkey,1650.312493575,1650.3124935750004,4.547473508864641e-13,0.0,0.0,0.0,0.0
Google - US,,Google|Cologne,14.4,14.400000000000006,5.329070518200751e-15,0.0,0.0,0.0,0.0
Google - US,,Google|Britain,0.1875,0.18750000000000006,5.551115123125783e-17,0.0,0.0,0.0,0.0
Google - US,,Google|Berlin,30.4625,30.462500000000006,7.105427357601002e-15,0.0,0.0,0.0,0.0
Google - US,,Google|Barcelona,5.0625,5.062500000000002,1.7763568394002505e-15,0.0,0.0,0.0,0.0
Google - US,,Google|Athens,2.174999925,2.1749999250000003,4.440892098500626e-16,0.0,0.0,0.0,0.0
Google - US,,Boston to Paris Sale,0.0,0.0,0.0,,0.0,0.0,0.0
Google - US,Exact,Venice,11.2624999375,11.262499937500003,3.552713678800501e-15,0.0,0.0,0.0,0.0
Google - US,Exact,Rome,29.074999849999998,29.074999850000005,7.105427357601002e-15,0.0,0.0,0.0,0.0
Google - US,Exact,London,28.6625,28.662500000000012,1.0658141036401503e-14,0.0,0.0,0.0,0.0
Google - US,Exact,Istanbul,110.31249952499999,110.312499525,1.4210854715202004e-14,0.0,0.0,0.0,0.0
Google - US,Broad,Venice,426.13749955000003,426.13749955000014,1.1368683772161603e-13,0.0,0.0,0.0,0.0
Google - US,Broad,UK,297.9749996125,297.9749996125001,5.684341886080802e-14,0.0,0.0,0.0,0.0
Google - US,Broad,Spain Branded,9.2999999375,9.299999937500003,1.7763568394002505e-15,0.0,0.0,0.0,0.0
Google - US,Broad,Philadelphia to Florence Sale,3.5875,3.587500000000001,8.881784197001252e-16,0.0,0.0,0.0,0.0
Google - US,Broad,San Francisco to Venice Sale,15.625,15.625000000000004,3.552713678800501e-15,0.0,0.0,0.0,0.0
Google - US,Broad,San Francisco to Rome Sale,49.7374999875,49.737499987500016,1.4210854715202004e-14,0.0,0.0,0.0,0.0
Google - US,Broad,San Francisco to Florence Sale,16.8,16.800000000000008,7.105427357601002e-15,0.0,0.0,0.0,0.0
Google - US,Broad,San Francisco to Barcelona Sale,45.274999975,45.27499997500001,7.105427357601002e-15,0.0,0.0,0.0,0.0
Google - US,Broad,Rome Branded,17.8374998625,17.837499862500007,7.105427357601002e-15,0.0,0.0,0.0,0.0
Google - US,Broad,Rome,2638.274988225,2638.274988225001,9.094947017729282e-13,0.0,0.0,0.0,0.0
Google - US,Broad,Philadelphia to Spain Sale,18.525,18.525000000000002,3.552713678800501e-15,0.0,0.0,0.0,0.0
Google - US,Broad,Philadelphia to Rome Sale,49.624999975,49.624999975000016,1.4210854715202004e-14,0.0,0.0,0.0,0.0
Google - US,Broad,Philadelphia to Madrid Sale,2.75,2.750000000000001,8.881784197001252e-16,0.0,0.0,0.0,0.0
Google - US,Broad,Philadelphia to Italy Sale,22.55,22.550000000000008,7.105427357601002e-15,0.0,0.0,0.0,0.0
Google - US,Broad,Philadelphia to Greece Sale,5.6875,5.687500000000002,1.7763568394002505e-15,0.0,0.0,0.0,0.0
Google - US,Broad,Philadelphia to France Sale,41.1375,41.13750000000002,1.4210854715202004e-14,0.0,0.0,0.0,0.0
Google - US,Broad,Los Angeles to Madrid Sale,1.15,1.1500000000000001,2.220446049250313e-16,0.0,0.0,0.0,0.0
Google - US,Broad,Los Angeles to Greece Sale,10.175,10.175000000000004,3.552713678800501e-15,0.0,0.0,0.0,0.0
Google - US,Broad,Google|International Airfare,591.7874993125,591.7874993125001,1.1368683772161603e-13,0.0,0.0,0.0,0.0
Google - US,Broad,Los Angeles to Barcelona Sale,25.6625,25.662500000000012,1.0658141036401503e-14,0.0,0.0,0.0,0.0
Google - US,Broad,Google|dubai,1676.7124944500001,1676.7124944500006,4.547473508864641e-13,0.0,0.0,0.0,0.0
Google - US,Broad,Google|djibouti,4.175,4.175000000000001,8.881784197001252e-16,0.0,0.0,0.0,0.0
Google - US,Broad,Google|dakar,85.06249961249999,85.0624996125,1.4210854715202004e-14,0.0,0.0,0.0,0.0
Google - US,Broad,Google|cotonou,7.587499950000001,7.587499950000002,1.7763568394002505e-15,0.0,0.0,0.0,0.0
Google - US,Broad,Google|conakry,4.8499999875,4.849999987500002,1.7763568394002505e-15,0.0,0.0,0.0,0.0
Google - US,Broad,Google|casablanca,101.287499775,101.28749977500003,2.842170943040401e-14,0.0,0.0,0.0,0.0
Google - US,Broad,Google|cairo,812.2124986250001,812.2124986250003,2.2737367544323206e-13,0.0,0.0,0.0,0.0
Google - US,Broad,Google|bucarest,28.4,28.400000000000006,7.105427357601002e-15,0.0,0.0,0.0,0.0
Google - US,Broad,Google|belgrade,153.7499998,153.74999980000007,5.684341886080802e-14,0.0,0.0,0.0,0.0
Google - US,Broad,Google|bamako,4.0875,4.087500000000001,8.881784197001252e-16,0.0,0.0,0.0,0.0
Google - US,Broad,Google|amman,124.8874998125,124.88749981250004,4.263256414560601e-14,0.0,0.0,0.0,0.0
Google - US,Broad,Google|agadir,65.5875,65.58750000000002,1.4210854715202004e-14,0.0,0.0,0.0,0.0
Google - US,Broad,Google|abidjan,1.875,1.8750000000000004,4.440892098500626e-16,0.0,0.0,0.0,0.0
Google - US,Broad,Google|Venice,980.537498525,980.5374985250003,2.2737367544323206e-13,0.0,0.0,0.0,0.0
Google - US,Broad,Google|UK,1076.149999125,1076.1499991250002,2.2737367544323206e-13,0.0,0.0,0.0,0.0
Google - US,Broad,Google|Turkey,7001.5749861,7001.574986100002,1.8189894035458565e-12,0.0,0.0,0.0,0.0
Google - US,Broad,Google|Switzerland,46.2,46.20000000000002,1.4210854715202004e-14,0.0,0.0,0.0,0.0
Google - US,Broad,Google|Stuttgart,118.0749998125,118.07499981250004,4.263256414560601e-14,0.0,0.0,0.0,0.0
Google - US,Broad,Google|Overseas,112.2124998875,112.21249988750003,2.842170943040401e-14,0.0,0.0,0.0,0.0
Google - US,Broad,Google|Nuremberg,42.8625,42.862500000000004,7.105427357601002e-15,0.0,0.0,0.0,0.0
Google - US,Broad,Google|Munich,324.8999996625,324.89999966250014,1.1368683772161603e-13,0.0,0.0,0.0,0.0
Google - US,Broad,Google|Milan,573.63749845,573.6374984500002,2.2737367544323206e-13,0.0,0.0,0.0,0.0
Google - US,Broad,Google|Madrid,692.2874990375001,692.2874990375002,1.1368683772161603e-13,0.0,0.0,0.0,0.0
Google - US,Broad,Google|London,473.9624982,473.96249820000014,1.1368683772161603e-13,0.0,0.0,0.0,0.0
Google - US,Broad,Google|Istanbul,207.4999990875,207.49999908750004,5.684341886080802e-14,0.0,0.0,0.0,0.0
Google - US,Broad,Google|International General,1030.5749981375,1030.5749981375002,2.2737367544323206e-13,0.0,0.0,0.0,0.0
Google - US,Broad,Google|International Flights,1053.3999982375,1053.3999982375005,4.547473508864641e-13,0.0,0.0,0.0,0.0
Google - US,Broad,Google|johannesburg,555.075,555.0750000000002,1.1368683772161603e-13,0.0,0.0,0.0,0.0
Google - US,Broad,Google|kiev,332.962499125,332.96249912500014,1.1368683772161603e-13,0.0,0.0,0.0,0.0
Google - US,Broad,Google|marrakech,648.9124972875,648.9124972875002,2.2737367544323206e-13,0.0,0.0,0.0,0.0
Google - US,Broad,Houston to Rome Sale,774.374998875,774.3749988750002,2.2737367544323206e-13,0.0,0.0,0.0,0.0
Google - US,Broad,Los Angeles to Athens Sale,3.35,3.350000000000001,8.881784197001252e-16,0.0,0.0,0.0,0.0
Google - US,Broad,London Branded,1.675,1.6750000000000005,4.440892098500626e-16,0.0,0.0,0.0,0.0
Google - US,Broad,Italy Branded,6.962499974999999,6.962499975000001,1.7763568394002505e-15,0.0,0.0,0.0,0.0
Google - US,Broad,Istanbul Branded,3.3375000000000004,3.3375000000000012,8.881784197001252e-16,0.0,0.0,0.0,0.0
Google - US,Broad,International Philadelphia,27.112499999999997,27.112500000000004,7.105427357601002e-15,0.0,0.0,0.0,0.0
Google - US,Broad,International New York,12.425,12.425000000000006,5.329070518200751e-15,0.0,0.0,0.0,0.0
Google - US,Broad,International Los Angeles,62.5499999375,62.54999993750002,2.1316282072803006e-14,0.0,0.0,0.0,0.0
Google - US,Broad,International DC,49.412499999999994,49.41250000000001,1.4210854715202004e-14,0.0,0.0,0.0,0.0
Google - US,Broad,International Boston,27.775,27.775000000000006,7.105427357601002e-15,0.0,0.0,0.0,0.0
Google - US,Broad,India Branded,3.5,3.500000000000001,8.881784197001252e-16,0.0,0.0,0.0,0.0
Google - US,Broad,India,594.3374992,594.3374992000003,2.2737367544323206e-13,0.0,0.0,0.0,0.0
Google - US,Broad,Houston to Venice Sale,7.5875,7.587500000000003,2.6645352591003757e-15,0.0,0.0,0.0,0.0
Google - US,Broad,Houston to Florence Sale,12.637500000000001,12.637500000000005,3.552713678800501e-15,0.0,0.0,0.0,0.0
Google - US,Broad,Google|moscow,557.9124982124999,557.9124982125,1.1368683772161603e-13,0.0,0.0,0.0,0.0
Google - US,Broad,Houston to Barcelona Sale,28.4625,28.462500000000006,7.105427357601002e-15,0.0,0.0,0.0,0.0
Google - US,Broad,Houston to Athens Sale,39.7625,39.76250000000002,1.4210854715202004e-14,0.0,0.0,0.0,0.0
Google - US,Broad,Greece,1507.4999966375,1507.4999966375005,4.547473508864641e-13,0.0,0.0,0.0,0.0
Google - US,Broad,Google|warsaw,3.6625,3.6625000000000014,1.3322676295501878e-15,0.0,0.0,0.0,0.0
Google - US,Broad,Google|tunis,257.97499968750003,257.9749996875001,5.684341886080802e-14,0.0,0.0,0.0,0.0
Google - US,Broad,Google|tel aviv,198.524999075,198.52499907500007,5.684341886080802e-14,0.0,0.0,0.0,0.0
Google - US,Broad,Google|split,592.0374996625,592.0374996625001,1.1368683772161603e-13,0.0,0.0,0.0,0.0
Google - US,Broad,Google|sofia,460.27499924999995,460.2749992500001,1.7053025658242404e-13,0.0,0.0,0.0,0.0
Google - US,Broad,Google|prague,1188.974997875,1188.9749978750003,2.2737367544323206e-13,0.0,0.0,0.0,0.0
Google - US,Broad,Google|ouagadougou,0.8625,0.8625000000000004,3.3306690738754696e-16,0.0,0.0,0.0,0.0
Google - US,Broad,Google|nouakchott,7.4374999875,7.437499987500002,1.7763568394002505e-15,0.0,0.0,0.0,0.0
Google - US,Broad,Google|nairobi,491.5374999499999,491.53749995000004,1.1368683772161603e-13,0.0,0.0,0.0,0.0
Yahoo - US,Standard,Venice,4.25,4.250000000000001,8.881784197001252e-16,0.0,0.0,0.0,0.0
