publisher_name,match_type,keyword_group,impressions,clicks,spend,bookings,revenue,ctr,cvr,cpc,cpa,roas,profit
Google - Global,Broad,Air France,138645,4838,4060.949976725,60,81345.0,0.03489487540120451,0.012401818933443571,0.8393861051519222,67.68249961208333,20.03102733750038,77284.050023275
Google - Global,Broad,Air France Brand,67642,7387,9975.0999510125,77,78217.85,0.10920729724135891,0.010423717341275214,1.3503587316925003,129.54675261055195,7.841309900063776,68242.75004898751
Google - Global,Broad,Air France Website,17344,3196,2255.4124782375,60,76535.7,0.1842712177121771,0.01877346683354193,0.7056985226024719,37.590207970625,33.93423630422098,74280.2875217625
Google - Global,Broad,Amsterdam,1561,43,124.062499825,0,0.0,0.02754644458680333,0.0,2.885174414534884,,0.0,-124.062499825
Google - Global,Broad,Basel,25,1,1.3875,0,0.0,0.04,0.0,1.3875,,0.0,-1.3875
Google - Global,Broad,Bologna,60,3,11.25,0,0.0,0.05,0.0,3.75,,0.0,-11.25
Google - Global,Broad,Bordeaux,17610,112,198.53749957500003,0,0.0,0.006360022714366837,0.0,1.7726562462053574,,0.0,-198.53749957500003
Google - Global,Broad,Brussels,1269,32,97.91249996250001,0,0.0,0.0252167060677699,0.0,3.0597656238281252,,0.0,-97.91249996250001
Google - Global,Broad,Bucharest,212,9,28.1375,0,0.0,0.04245283018867924,0.0,3.1263888888888887,,0.0,-28.1375
Google - Global,Broad,Budapest,551,19,88.39999998750001,0,0.0,0.034482758620689655,0.0,4.6526315782894745,,0.0,-88.39999998750001
Google - Global,Broad,Copenhagen,285,8,23.262499975,0,0.0,0.028070175438596492,0.0,2.907812496875,,0.0,-23.262499975
Google - Global,Broad,Dusseldorf,229,5,19.5875,0,0.0,0.021834061135371178,0.0,3.9174999999999995,,0.0,-19.5875
Google - Global,Broad,France,612907,11578,37790.249940149995,53,53941.85,0.018890304728123516,0.004577647262048713,3.2639704560502674,713.023583776415,1.427401249936954,16151.600059850003
Google - Global,Broad,Genoa,24,2,3.0,0,0.0,0.08333333333333333,0.0,1.5,,0.0,-3.0
Google - Global,Broad,Glasgow,255,3,4.8875,0,0.0,0.011764705882352941,0.0,1.6291666666666667,,0.0,-4.8875
Google - Global,Broad,Gothenburg,6,2,11.8,0,0.0,0.3333333333333333,0.0,5.9,,0.0,-11.8
Google - Global,Broad,Helsinki,67,5,12.4874999875,0,0.0,0.07462686567164178,0.0,2.4974999975,,0.0,-12.4874999875
Google - Global,Broad,Krakow,59,3,5.1,0,0.0,0.05084745762711865,0.0,1.7,,0.0,-5.1
Google - Global,Broad,Lisbon,210,8,11.075,0,0.0,0.0380952380952381,0.0,1.384375,,0.0,-11.075
Google - Global,Broad,Lyon,20263,133,216.11249948749997,2,1836.0,0.006563687509253319,0.015037593984962405,1.6249060111842104,108.05624974374999,8.49557524138577,1619.8875005125
Google - Global,Broad,Manchester,1346,5,10.024999975,0,0.0,0.003714710252600297,0.0,2.004999995,,0.0,-10.024999975
Google - Global,Broad,Marseille,10731,207,349.73749945000003,1,167.45,0.019289907743919487,0.004830917874396135,1.6895531374396138,349.73749945000003,0.47878766292814806,-182.28749945000004
Google - Global,Broad,Naples,158,4,7.575,0,0.0,0.02531645569620253,0.0,1.89375,,0.0,-7.575
Google - Global,Broad,Nice,41395,683,1225.4874962,7,8252.65,0.01649957724362846,0.010248901903367497,1.7942715903367494,175.0696423142857,6.734177236071257,7027.1625038
Google - Global,Broad,Oslo,131,4,10.7125,0,0.0,0.030534351145038167,0.0,2.678125,,0.0,-10.7125
Google - Global,Broad,Paris,675047,17436,40533.3999071125,124,124576.85,0.0258293126256394,0.007111722872218399,2.3246960258724765,326.8822573154234,3.073436975074479,84043.4500928875
Google - Global,Broad,Paris Branded,333,58,85.97499966250001,0,0.0,0.17417417417417416,0.0,1.4823275803879312,,0.0,-85.97499966250001
Google - Global,Broad,Pisa,66,5,12.65,0,0.0,0.07575757575757576,0.0,2.5300000000000002,,0.0,-12.65
Google - Global,Broad,Southampton,178,1,1.5625,0,0.0,0.0056179775280898875,0.0,1.5625,,0.0,-1.5625
Google - Global,Broad,St. Petersburg,182,3,12.225,0,0.0,0.016483516483516484,0.0,4.075,,0.0,-12.225
Google - Global,Broad,Stockholm,265,3,5.6875,0,0.0,0.011320754716981131,0.0,1.8958333333333333,,0.0,-5.6875
Google - Global,Broad,Strasbourg,1354,14,25.9375,0,0.0,0.0103397341211226,0.0,1.8526785714285714,,0.0,-25.9375
Google - Global,Broad,Tour de France,23224,1032,3343.1374997,1,1098.2,0.04443678952807441,0.0009689922480620155,3.2394743214147286,3343.1374997,0.32849381758858204,-2244.9374996999995
Google - Global,Broad,Venice,822,17,51.987499937500004,0,0.0,0.02068126520681265,0.0,3.0580882316176474,,0.0,-51.987499937500004
Google - Global,Broad,Vienna,1153,9,35.2875,0,0.0,0.007805724197745013,0.0,3.9208333333333334,,0.0,-35.2875
Google - Global,Broad,Warsaw,227,2,2.5875000000000004,0,0.0,0.00881057268722467,0.0,1.2937500000000002,,0.0,-2.5875000000000004
Google - Global,Broad,Zagreb,71,3,8.0875,0,0.0,0.04225352112676056,0.0,2.6958333333333333,,0.0,-8.0875
Google - Global,Broad,Zurich,787,25,48.7749998875,0,0.0,0.03176620076238882,0.0,1.9509999955000001,,0.0,-48.7749998875
Google - Global,Exact,Air France,107623,11209,4888.4123979625,180,237631.1,0.10415059977885768,0.016058524400035686,0.4361149431673209,27.15784665534722,48.6110991983911,232742.6876020375
Google - Global,Exact,Air France Brand,44023,14713,15329.73732705,231,264650.9,0.3342116620857279,0.015700401005913137,1.04191785,66.3624992512987,17.263890068945397,249321.16267295
Google - Global,,Air France,6226,7,2.5874999499999998,0,0.0,0.0011243173787343398,0.0,0.36964284999999997,,0.0,-2.5874999499999998
Google - Global,,Air France Website,864,10,2.375,0,0.0,0.011574074074074073,0.0,0.2375,,0.0,-2.375
Google - Global,,Bordeaux,188,1,0.275,0,0.0,0.005319148936170213,0.0,0.275,,0.0,-0.275
Google - Global,,France,4780,49,10.9999995875,1,1296.25,0.010251046025104602,0.02040816326530612,0.22448978749999998,10.9999995875,117.84091350994335,1285.2500004125
Google - Global,,Lyon,82,1,0.2625,0,0.0,0.012195121951219513,0.0,0.2625,,0.0,-0.2625
Google - Global,,Nice,5166,2,0.575,0,0.0,0.00038714672861014324,0.0,0.2875,,0.0,-0.575
Google - Global,,Paris,2680,5,1.9375,0,0.0,0.0018656716417910447,0.0,0.3875,,0.0,-1.9375
Google - US,Broad,Air France Brand,499896,45783,53914.299737400004,495,562929.5,0.0915850496903356,0.010811873402791428,1.1776052189109496,108.91777724727274,10.441190977938259,509015.2002626
Google - US,Broad,Air France Website,212448,29966,47129.81234495001,380,439121.05,0.14105098659436663,0.012681038510311687,1.572776224552827,124.02582196039477,9.317267100195702,391991.23765505
Google - US,Broad,Airfrance Deal Boston,14,1,1.225,0,0.0,0.07142857142857142,0.0,1.225,,0.0,-1.225
Google - US,Broad,Airfrance Deal DC,4,2,2.175,0,0.0,0.5,0.0,1.0875,,0.0,-2.175
Google - US,Broad,Airfrance Deal Detroit,4,3,1.6875,0,0.0,0.75,0.0,0.5625,,0.0,-1.6875
Google - US,Broad,Airfrance Deal Los Angeles,1,1,0.4875,0,0.0,1.0,0.0,0.4875,,0.0,-0.4875
Google - US,Broad,Airfrance Deal New York,29,3,3.4749999999999996,0,0.0,0.10344827586206896,0.0,1.1583333333333332,,0.0,-3.4749999999999996
Google - US,Broad,Athens,29237,1495,2267.8624943375003,1,722.5,0.05113383726100489,0.0006688963210702341,1.5169648791555186,2267.8624943375003,0.3185819254050764,-1545.3624943375003
Google - US,Broad,Athens Branded,77,10,11.025,0,0.0,0.12987012987012986,0.0,1.1025,,0.0,-11.025
Google - US,Broad,Barcelona,29052,718,1118.5499939875,2,969.0,0.024714305383450364,0.002785515320334262,1.557869072405989,559.27499699375,0.8663001253485578,-149.5499939875001
Google - US,Broad,Barcelona Branded,188,23,17.3249998375,0,0.0,0.12234042553191489,0.0,0.7532608624999999,,0.0,-17.3249998375
Google - US,Broad,Bordeaux,4579,395,1230.4124971375,0,0.0,0.08626337628303123,0.0,3.1149683471835443,,0.0,-1230.4124971375
Google - US,Broad,Bordeaux Branded,196,13,33.8125,0,0.0,0.0663265306122449,0.0,2.6009615384615383,,0.0,-33.8125
Google - US,Broad,Boston to Athens Sale,102,4,8.0875,0,0.0,0.0392156862745098,0.0,2.021875,,0.0,-8.0875
Google - US,Broad,Boston to Barcelona Sale,32,3,7.0874999999999995,0,0.0,0.09375,0.0,2.3625,,0.0,-7.0874999999999995
Google - US,Broad,Boston to Florence Sale,2,1,1.275,0,0.0,0.5,0.0,1.275,,0.0,-1.275
Google - US,Broad,Boston to France Sale,1916,40,66.3749998875,0,0.0,0.020876826722338204,0.0,1.6593749971874998,,0.0,-66.3749998875
Google - US,Broad,Boston to Greece Sale,4,1,1.25,0,0.0,0.25,0.0,1.25,,0.0,-1.25
Google - US,Broad,Boston to Italy Sale,200,11,19.5,0,0.0,0.055,0.0,1.7727272727272727,,0.0,-19.5
Google - US,Broad,Boston to Madrid Sale,53,5,10.574999975,0,0.0,0.09433962264150944,0.0,2.1149999950000002,,0.0,-10.574999975
Google - US,Broad,Boston to Milan Sale,16,2,6.050000000000001,0,0.0,0.125,0.0,3.0250000000000004,,0.0,-6.050000000000001
Google - US,Broad,Boston to Naples Sale,6,1,1.0625,0,0.0,0.16666666666666666,0.0,1.0625,,0.0,-1.0625
Google - US,Broad,Boston to Paris Sale,4815,170,382.099999325,3,2461.6,0.035306334371754934,0.01764705882352941,2.247647054852941,127.36666644166667,6.442292604942548,2079.5000006749997
Google - US,Broad,Boston to Rome Sale,2617,88,337.5499999,0,0.0,0.033626289644631255,0.0,3.835795453409091,,0.0,-337.5499999
Google - US,Broad,Boston to Seville Sale,2,2,5.0875,0,0.0,1.0,0.0,2.54375,,0.0,-5.0875
Google - US,Broad,Boston to Spain Sale,56,2,3.6375,0,0.0,0.03571428571428571,0.0,1.81875,,0.0,-3.6375
Google - US,Broad,Boston to Venice Sale,5,3,7.325,0,0.0,0.6,0.0,2.441666666666667,,0.0,-7.325
Google - US,Broad,Business Class - Branded,179,28,67.29999991250001,0,0.0,0.1564245810055866,0.0,2.403571425446429,,0.0,-67.29999991250001
Google - US,Broad,Business Class - Generic,10191,358,2028.0124977499997,1,144.5,0.035129035423412815,0.002793296089385475,5.664839379189943,2028.0124977499997,0.0712520263855953,-1883.5124977499997
Google - US,Broad,Cheap Europe Boston,47,12,26.825,0,0.0,0.2553191489361702,0.0,2.2354166666666666,,0.0,-26.825
Google - US,Broad,Cheap Europe DC,72,9,21.6625,0,0.0,0.125,0.0,2.4069444444444446,,0.0,-21.6625
Google - US,Broad,Cheap Europe Detroit,36,5,13.212499975,0,0.0,0.1388888888888889,0.0,2.642499995,,0.0,-13.212499975
Google - US,Broad,Cheap Europe Los Angeles,69,17,33.8625,0,0.0,0.2463768115942029,0.0,1.9919117647058822,,0.0,-33.8625
Google - US,Broad,Cheap Europe New York,57,10,21.149999975,0,0.0,0.17543859649122806,0.0,2.1149999975,,0.0,-21.149999975
Google - US,Broad,Cheap Europe Philadelphia,13,4,6.8875,0,0.0,0.3076923076923077,0.0,1.721875,,0.0,-6.8875
Google - US,Broad,Cheap International Boston,635,17,53.937499974999994,0,0.0,0.026771653543307086,0.0,3.1727941161764703,,0.0,-53.937499974999994
Google - US,Broad,Cheap International DC,1009,12,33.125,0,0.0,0.011892963330029732,0.0,2.7604166666666665,,0.0,-33.125
Google - US,Broad,Cheap International Detroit,1958,35,123.3999998875,0,0.0,0.01787538304392237,0.0,3.5257142825,,0.0,-123.3999998875
Google - US,Broad,Cheap International Los Angeles,1252,32,110.72499987500001,0,0.0,0.025559105431309903,0.0,3.4601562460937503,,0.0,-110.72499987500001
Google - US,Broad,Cheap International New York,1014,18,51.1625,0,0.0,0.01775147928994083,0.0,2.8423611111111113,,0.0,-51.1625
Google - US,Broad,Cheap International Philadelphia,427,20,75.97499996250001,0,0.0,0.0468384074941452,0.0,3.7987499981250004,,0.0,-75.97499996250001
Google - US,Broad,Chicago to France Sale,1832,49,87.0749999,0,0.0,0.026746724890829694,0.0,1.7770408142857141,,0.0,-87.0749999
Google - US,Broad,Chicago to Paris Sale,3556,293,690.1874983375,4,2740.4,0.08239595050618673,0.013651877133105802,2.3555887315273036,172.546874584375,3.97051526809886,2050.2125016625
Google - US,Broad,DC to Athens Sale,129,13,39.4875,0,0.0,0.10077519379844961,0.0,3.0374999999999996,,0.0,-39.4875
Google - US,Broad,DC to Barcelona Sale,441,37,99.4874998125,0,0.0,0.08390022675736962,0.0,2.688851346283784,,0.0,-99.4874998125
Google - US,Broad,DC to Florence Sale,90,7,16.3125,0,0.0,0.07777777777777778,0.0,2.330357142857143,,0.0,-16.3125
Google - US,Broad,DC to France Sale,621,35,62.2124998875,4,3300.5499999999997,0.05636070853462158,0.11428571428571428,1.7774999967857144,15.553124971875,53.052843174095955,3238.3375001124996
Google - US,Broad,DC to Greece Sale,21,4,5.8,0,0.0,0.19047619047619047,0.0,1.45,,0.0,-5.8
Google - US,Broad,DC to Italy Sale,521,43,115.6124999,0,0.0,0.08253358925143954,0.0,2.6886627883720933,,0.0,-115.6124999
Google - US,Broad,DC to Madrid Sale,54,6,19.15,0,0.0,0.1111111111111111,0.0,3.1916666666666664,,0.0,-19.15
Google - US,Broad,DC to Paris Sale,997,59,140.987499925,0,0.0,0.05917753259779338,0.0,2.38961864279661,,0.0,-140.987499925
Google - US,Broad,DC to Rome Sale,397,38,115.67499997499999,0,0.0,0.09571788413098237,0.0,3.0440789467105263,,0.0,-115.67499997499999
Google - US,Broad,DC to Seville Sale,16,1,2.15,0,0.0,0.0625,0.0,2.15,,0.0,-2.15
Google - US,Broad,DC to Spain Sale,199,10,28.112499999999997,0,0.0,0.05025125628140704,0.0,2.81125,,0.0,-28.112499999999997
Google - US,Broad,DC to Valencia Sale,15,1,0.9,0,0.0,0.06666666666666667,0.0,0.9,,0.0,-0.9
Google - US,Broad,DC to Venice Sale,74,8,17.962499975,0,0.0,0.10810810810810811,0.0,2.245312496875,,0.0,-17.962499975
Google - US,Broad,Detroit to Athens Sale,110,6,11.925,0,0.0,0.05454545454545454,0.0,1.9875,,0.0,-11.925
Google - US,Broad,Detroit to Barcelona Sale,106,4,9.75,0,0.0,0.03773584905660377,0.0,2.4375,,0.0,-9.75
Google - US,Broad,Detroit to France Sale,943,15,38.074999999999996,0,0.0,0.015906680805938492,0.0,2.538333333333333,,0.0,-38.074999999999996
Google - US,Broad,Detroit to Greece Sale,116,5,13.062499975000001,0,0.0,0.04310344827586207,0.0,2.6124999950000003,,0.0,-13.062499975000001
Google - US,Broad,Detroit to Italy Sale,352,11,35.79999995,0,0.0,0.03125,0.0,3.25454545,,0.0,-35.79999995
Google - US,Broad,Detroit to Madrid Sale,55,2,3.0500000000000003,0,0.0,0.03636363636363636,0.0,1.5250000000000001,,0.0,-3.0500000000000003
Google - US,Broad,Detroit to Paris Sale,662,21,46.0374999875,0,0.0,0.03172205438066465,0.0,2.1922619041666667,,0.0,-46.0374999875
Google - US,Broad,Detroit to Rome Sale,98,5,17.575,0,0.0,0.05102040816326531,0.0,3.5149999999999997,,0.0,-17.575
Google - US,Broad,Detroit to Spain Sale,245,13,29.6125,0,0.0,0.053061224489795916,0.0,2.2778846153846155,,0.0,-29.6125
Google - US,Broad,Detroit to Turin Sale,1,1,2.1625,0,0.0,1.0,0.0,2.1625,,0.0,-2.1625
Google - US,Broad,Detroit to Venice Sale,1,1,2.45,0,0.0,1.0,0.0,2.45,,0.0,-2.45
Google - US,Broad,Discount Europe Boston,4,2,7.275,0,0.0,0.5,0.0,3.6375,,0.0,-7.275
Google - US,Broad,Discount Europe Detroit,10,1,3.3125,0,0.0,0.1,0.0,3.3125,,0.0,-3.3125
Google - US,Broad,Discount Europe Los Angeles,20,2,5.525,0,0.0,0.1,0.0,2.7625,,0.0,-5.525
Google - US,Broad,Discount International Detroit,18,2,8.3125,0,0.0,0.1111111111111111,0.0,4.15625,,0.0,-8.3125
Google - US,Broad,Discount International Philadelphia,1,1,5.4875,0,0.0,1.0,0.0,5.4875,,0.0,-5.4875
Google - US,Broad,Europe,119374,2201,5631.9874906125,1,96.9,0.018437850788278854,0.00045433893684688776,2.5588312088198544,5631.9874906125,0.017205293896961724,-5535.0874906125
Google - US,Broad,Europe Boston,486,16,44.45,0,0.0,0.03292181069958848,0.0,2.778125,,0.0,-44.45
Google - US,Broad,Europe Branded,206,25,27.062499837500003,0,0.0,0.12135922330097088,0.0,1.0824999935000001,,0.0,-27.062499837500003
Google - US,Broad,Europe DC,827,13,33.737499975,0,0.0,0.015719467956469165,0.0,2.5951923057692308,,0.0,-33.737499975
Google - US,Broad,Europe Detroit,1013,21,58.4,0,0.0,0.02073050345508391,0.0,2.780952380952381,,0.0,-58.4
Google - US,Broad,Europe Los Angeles,603,16,40.12499995,0,0.0,0.026533996683250415,0.0,2.507812496875,,0.0,-40.12499995
Google - US,Broad,Europe New York,799,19,43.487500000000004,0,0.0,0.023779724655819776,0.0,2.2888157894736842,,0.0,-43.487500000000004
Google - US,Broad,Europe Philadelphia,136,12,39.3499999875,0,0.0,0.08823529411764706,0.0,3.279166665625,,0.0,-39.3499999875
Google - US,Broad,Florence,12810,309,415.6874989375,4,2956.3,0.024121779859484778,0.012944983818770227,1.3452669868527507,103.921874734375,7.111832825274569,2540.6125010625
Google - US,Broad,Florence Branded,105,13,11.037499850000001,0,0.0,0.12380952380952381,0.0,0.8490384500000001,,0.0,-11.037499850000001
Google - US,Broad,France,252060,12001,45918.1374165625,48,46511.15,0.04761167975878759,0.0039996666944421295,3.8261926019967087,956.6278628450522,1.012914560929547,593.0125834374994
Google - US,Broad,France Branded,146,19,47.699999937499996,0,0.0,0.13013698630136986,0.0,2.5105263124999997,,0.0,-47.699999937499996
Google - US,Broad,Germany,8,1,1.3125,0,0.0,0.125,0.0,1.3125,,0.0,-1.3125
Google - US,Broad,Google|Athens,23904,897,1855.2374953749998,4,3048.9500000000003,0.03752510040160643,0.004459308807134894,2.0682692256131547,463.80937384374994,1.643428406120972,1193.7125046250005
Google - US,Broad,Google|Barcelona,28950,1317,2517.9374914,1,1851.3,0.04549222797927461,0.0007593014426727411,1.9118735697798026,2517.9374914,0.7352446223637813,-666.6374914
Google - US,Broad,Google|Berlin,3300,73,217.5374998625,0,0.0,0.02212121212121212,0.0,2.979965751541096,,0.0,-217.5374998625
Google - US,Broad,Google|Britain,38,6,10.6625,0,0.0,0.15789473684210525,0.0,1.7770833333333333,,0.0,-10.6625
Google - US,Broad,Google|Cologne,10012,51,202.81249971249997,0,0.0,0.005093887335197763,0.0,3.976715680637254,,0.0,-202.81249971249997
Google - US,Broad,Google|Delhi,8085,367,865.3499985875,0,0.0,0.04539270253555968,0.0,2.357901903508174,,0.0,-865.3499985875
Google - US,Broad,Google|Discount Airfare,26126,160,954.8374995874999,0,0.0,0.006124167495981015,0.0,5.967734372421875,,0.0,-954.8374995874999
Google - US,Broad,Google|England,1956,58,125.2624997625,0,0.0,0.02965235173824131,0.0,2.1596982717672413,,0.0,-125.2624997625
Google - US,Broad,Google|Europe,144795,3925,10195.4624789875,1,5877.75,0.027107289616354155,0.00025477707006369424,2.5975700583407644,10195.4624789875,0.5765064617827629,-4317.7124789875
Google - US,Broad,Google|Flights Relaunch,322102,3557,14117.9999775625,1,871.25,0.011043085730607074,0.000281135788585887,3.969075056947568,14117.9999775625,0.06171199896477284,-13246.7499775625
Google - US,Broad,Google|Florence,9198,248,569.3124997625,0,0.0,0.026962383126766687,0.0,2.2956149183971775,,0.0,-569.3124997625
Google - US,Broad,Google|Frankfurt,2922,76,238.862499375,0,0.0,0.026009582477754964,0.0,3.142927623355263,,0.0,-238.862499375
Google - US,Broad,Google|Geneva,2186,121,410.1124992125,0,0.0,0.05535224153705398,0.0,3.3893594976239667,,0.0,-410.1124992125
Google - US,Broad,Google|Germany,31669,1414,2530.5374894125,0,0.0,0.04464934162745903,0.0,1.7896304734176094,,0.0,-2530.5374894125
Google - US,Broad,Google|Greece,27847,847,2871.537492075,0,0.0,0.030416202822566164,0.0,3.390244972933884,,0.0,-2871.537492075
Google - US,Broad,Google|Hamburg,1702,36,105.37499995,0,0.0,0.021151586368977675,0.0,2.9270833319444445,,0.0,-105.37499995
Google - US,Broad,Google|Hanover,933,15,59.7749999125,0,0.0,0.01607717041800643,0.0,3.9849999941666665,,0.0,-59.7749999125
Google - US,Broad,Google|International Airfare,5063,164,591.7874993125,0,0.0,0.0323918625320956,0.0,3.6084603616615856,,0.0,-591.7874993125
Google - US,Broad,Google|International Flights,12435,382,1053.3999982375,0,0.0,0.030719742661841576,0.0,2.757591618422775,,0.0,-1053.3999982375
Google - US,Broad,Google|International General,16145,448,1030.5749981375,0,0.0,0.02774852895633323,0.0,2.300390620842634,,0.0,-1030.5749981375
Google - US,Broad,Google|Istanbul,3465,121,207.4999990875,0,0.0,0.03492063492063492,0.0,1.7148760255165287,,0.0,-207.4999990875
Google - US,Broad,Google|Italy,77768,1779,5337.5624917375,1,1045.5,0.022875732949285053,0.0005621135469364812,3.0003161842256887,5337.5624917375,0.19587592681461338,-4292.0624917375
Google - US,Broad,Google|London,8449,260,473.9624982,0,0.0,0.030772872529293407,0.0,1.8229326853846155,,0.0,-473.9624982
Google - US,Broad,Google|Madrid,10643,248,692.2874990375001,0,0.0,0.023301700648313446,0.0,2.7914818509576618,,0.0,-692.2874990375001
Google - US,Broad,Google|Milan,7527,341,573.63749845,0,0.0,0.04530357380098313,0.0,1.6822214030791787,,0.0,-573.63749845
Google - US,Broad,Google|Munich,2947,93,324.8999996625,0,0.0,0.03155751611808619,0.0,3.493548383467742,,0.0,-324.8999996625
Google - US,Broad,Google|Nuremberg,712,13,42.8625,0,0.0,0.018258426966292134,0.0,3.2971153846153842,,0.0,-42.8625
Google - US,Broad,Google|Overseas,1201,44,112.2124998875,0,0.0,0.03663613655287261,0.0,2.5502840883522726,,0.0,-112.2124998875
Google - US,Broad,Google|Rome,32457,1198,2481.5249946374997,4,4119.1,0.036910373725236464,0.00333889816360601,2.0713898118843903,620.3812486593749,1.6599067141782777,1637.5750053625006
Google - US,Broad,Google|Spain,91721,4176,12894.0749682625,1,1275.0,0.045529377132826725,0.00023946360153256704,3.0876616303310582,12894.0749682625,0.09888262656594501,-11619.0749682625
Google - US,Broad,Google|Stuttgart,1905,41,118.0749998125,0,0.0,0.02152230971128609,0.0,2.879878044207317,,0.0,-118.0749998125
Google - US,Broad,Google|Switzerland,889,16,46.2,0,0.0,0.01799775028121485,0.0,2.8875,,0.0,-46.2
Google - US,Broad,Google|Turkey,62275,2981,7001.5749861,0,0.0,0.047868325973504613,0.0,2.348733641764509,,0.0,-7001.5749861
Google - US,Broad,Google|UK,7338,250,1076.149999125,0,0.0,0.03406922867266285,0.0,4.3045999965,,0.0,-1076.149999125
Google - US,Broad,Google|Venice,18452,412,980.537498525,0,0.0,0.022328202904834164,0.0,2.3799453847694174,,0.0,-980.537498525
Google - US,Broad,Google|abidjan,96,2,1.875,0,0.0,0.020833333333333332,0.0,0.9375,,0.0,-1.875
Google - US,Broad,Google|agadir,395,25,65.5875,0,0.0,0.06329113924050633,0.0,2.6235000000000004,,0.0,-65.5875
Google - US,Broad,Google|amman,1474,61,124.8874998125,0,0.0,0.041383989145183174,0.0,2.0473360625,,0.0,-124.8874998125
Google - US,Broad,Google|bamako,75,3,4.0875,0,0.0,0.04,0.0,1.3625,,0.0,-4.0875
Google - US,Broad,Google|belgrade,1681,92,153.7499998,0,0.0,0.054729327781082686,0.0,1.67119565,,0.0,-153.7499998
Google - US,Broad,Google|bucarest,186,8,28.4,0,0.0,0.043010752688172046,0.0,3.55,,0.0,-28.4
Google - US,Broad,Google|cairo,5539,265,812.2124986250001,0,0.0,0.04784257086116628,0.0,3.064952825,,0.0,-812.2124986250001
Google - US,Broad,Google|casablanca,827,33,101.287499775,0,0.0,0.03990326481257558,0.0,3.069318175,,0.0,-101.287499775
Google - US,Broad,Google|conakry,54,3,4.8499999875,0,0.0,0.05555555555555555,0.0,1.6166666625000001,,0.0,-4.8499999875
Google - US,Broad,Google|cotonou,143,9,7.587499950000001,0,0.0,0.06293706293706294,0.0,0.8430555500000001,,0.0,-7.587499950000001
Google - US,Broad,Google|dakar,556,41,85.06249961249999,0,0.0,0.0737410071942446,0.0,2.0746951124999997,,0.0,-85.06249961249999
Google - US,Broad,Google|djibouti,27,2,4.175,0,0.0,0.07407407407407407,0.0,2.0875,,0.0,-4.175
Google - US,Broad,Google|dubai,17240,757,1676.7124944500001,0,0.0,0.04390951276102088,0.0,2.21494385,,0.0,-1676.7124944500001
Google - US,Broad,Google|johannesburg,2816,200,555.075,0,0.0,0.07102272727272728,0.0,2.7753750000000004,,0.0,-555.075
Google - US,Broad,Google|kiev,2161,122,332.962499125,0,0.0,0.05645534474780194,0.0,2.7292008125000002,,0.0,-332.962499125
Google - US,Broad,Google|marrakech,2932,223,648.9124972875,0,0.0,0.07605729877216917,0.0,2.9099215125,,0.0,-648.9124972875
Google - US,Broad,Google|moscow,4933,177,557.9124982124999,0,0.0,0.03588080275694304,0.0,3.1520480125,,0.0,-557.9124982124999
Google - US,Broad,Google|nairobi,3097,172,491.5374999499999,0,0.0,0.055537617048756864,0.0,2.8577761624999996,,0.0,-491.5374999499999
Google - US,Broad,Google|nouakchott,13,3,7.4374999875,0,0.0,0.23076923076923078,0.0,2.4791666625,,0.0,-7.4374999875
Google - US,Broad,Google|ouagadougou,24,1,0.8625,0,0.0,0.041666666666666664,0.0,0.8625,,0.0,-0.8625
Google - US,Broad,Google|prague,8252,490,1188.974997875,0,0.0,0.05937954435288415,0.0,2.4264795875000003,,0.0,-1188.974997875
Google - US,Broad,Google|rabat,361,11,14.07499995,1,1402.5,0.030470914127423823,0.09090909090909091,1.27954545,14.07499995,99.64476056712171,1388.42500005
Google - US,Broad,Google|sofia,3471,165,460.27499924999995,0,0.0,0.04753673292999136,0.0,2.78954545,,0.0,-460.27499924999995
Google - US,Broad,Google|split,5303,181,592.0374996625,0,0.0,0.03413162360927777,0.0,3.2709254124999996,,0.0,-592.0374996625
Google - US,Broad,Google|tel aviv,2100,97,198.524999075,0,0.0,0.04619047619047619,0.0,2.046649475,,0.0,-198.524999075
Google - US,Broad,Google|tunis,1820,75,257.97499968750003,0,0.0,0.04120879120879121,0.0,3.4396666625000005,,0.0,-257.97499968750003
Google - US,Broad,Google|warsaw,27,1,3.6625,0,0.0,0.037037037037037035,0.0,3.6625,,0.0,-3.6625
Google - US,Broad,Greece,20523,600,1507.4999966375,0,0.0,0.029235491887151,0.0,2.5124999943958333,,0.0,-1507.4999966375
Google - US,Broad,Houston to Athens Sale,208,14,39.7625,0,0.0,0.0673076923076923,0.0,2.8401785714285714,,0.0,-39.7625
Google - US,Broad,Houston to Barcelona Sale,335,10,28.4625,0,0.0,0.029850746268656716,0.0,2.84625,,0.0,-28.4625
Google - US,Broad,Houston to Florence Sale,67,5,12.637500000000001,0,0.0,0.07462686567164178,0.0,2.5275000000000003,,0.0,-12.637500000000001
Google - US,Broad,Houston to Paris Sale,12470,307,810.9749983875,5,7065.200000000001,0.024619085805934242,0.016286644951140065,2.64161237259772,162.1949996775,8.711982507534847,6254.225001612501
Google - US,Broad,Houston to Rome Sale,7747,229,774.374998875,0,0.0,0.0295598296114625,0.0,3.3815502134279476,,0.0,-774.374998875
Google - US,Broad,Houston to Venice Sale,81,3,7.5875,0,0.0,0.037037037037037035,0.0,2.529166666666667,,0.0,-7.5875
Google - US,Broad,India,8620,214,594.3374992,0,0.0,0.024825986078886312,0.0,2.77727803364486,,0.0,-594.3374992
Google - US,Broad,India Branded,2,2,3.5,0,0.0,1.0,0.0,1.75,,0.0,-3.5
Google - US,Broad,International Boston,605,10,27.775,0,0.0,0.01652892561983471,0.0,2.7775,,0.0,-27.775
Google - US,Broad,International DC,817,17,49.412499999999994,0,0.0,0.0208078335373317,0.0,2.906617647058823,,0.0,-49.412499999999994
Google - US,Broad,International Detroit,1133,33,92.849999975,1,923.95,0.02912621359223301,0.030303030303030304,2.813636362878788,92.849999975,9.950996233158588,831.1000000250001
Google - US,Broad,International Los Angeles,1814,23,62.5499999375,0,0.0,0.012679162072767364,0.0,2.719565214673913,,0.0,-62.5499999375
Google - US,Broad,International New York,125,5,12.425,0,0.0,0.04,0.0,2.4850000000000003,,0.0,-12.425
Google - US,Broad,International Philadelphia,189,9,27.112499999999997,0,0.0,0.047619047619047616,0.0,3.0124999999999997,,0.0,-27.112499999999997
Google - US,Broad,Istanbul Branded,19,5,3.3375000000000004,0,0.0,0.2631578947368421,0.0,0.6675000000000001,,0.0,-3.3375000000000004
Google - US,Broad,Italy,88188,3855,8380.6749665375,11,10642.0,0.0437134303986937,0.0028534370946822307,2.173975347999351,761.8795424125,1.2698261228948216,2261.325033462501
Google - US,Broad,Italy Branded,78,6,6.962499974999999,0,0.0,0.07692307692307693,0.0,1.1604166624999999,,0.0,-6.962499974999999
Google - US,Broad,London Branded,2,1,1.675,0,0.0,0.5,0.0,1.675,,0.0,-1.675
Google - US,Broad,Los Angeles to Athens Sale,51,3,3.35,0,0.0,0.058823529411764705,0.0,1.1166666666666667,,0.0,-3.35
Google - US,Broad,Los Angeles to Barcelona Sale,143,7,25.6625,0,0.0,0.04895104895104895,0.0,3.6660714285714286,,0.0,-25.6625
Google - US,Broad,Los Angeles to France Sale,1255,80,194.137499775,1,483.65,0.06374501992031872,0.0125,2.4267187471875,194.137499775,2.49127551637647,289.51250022499994
Google - US,Broad,Los Angeles to Greece Sale,124,5,10.175,0,0.0,0.04032258064516129,0.0,2.035,,0.0,-10.175
Google - US,Broad,Los Angeles to Italy Sale,10,3,13.025,0,0.0,0.3,0.0,4.341666666666667,,0.0,-13.025
Google - US,Broad,Los Angeles to Madrid Sale,7,1,1.15,0,0.0,0.14285714285714285,0.0,1.15,,0.0,-1.15
Google - US,Broad,Los Angeles to Malaga Sale,6,2,3.9875,0,0.0,0.3333333333333333,0.0,1.99375,,0.0,-3.9875
Google - US,Broad,Los Angeles to Milan Sale,44,2,7.35,0,0.0,0.045454545454545456,0.0,3.675,,0.0,-7.35
Google - US,Broad,Los Angeles to Paris Sale,2676,156,408.06249963749997,1,1700.0,0.05829596412556054,0.00641025641025641,2.6157852540865383,408.06249963749997,4.166028491983913,1291.9375003625
Google - US,Broad,Los Angeles to Rome Sale,268,12,29.0875,0,0.0,0.04477611940298507,0.0,2.423958333333333,,0.0,-29.0875
Google - US,Broad,Los Angeles to Seville Sale,3,1,2.0125,0,0.0,0.3333333333333333,0.0,2.0125,,0.0,-2.0125
Google - US,Broad,Los Angeles to Spain Sale,156,5,9.6875,0,0.0,0.03205128205128205,0.0,1.9375,,0.0,-9.6875
Google - US,Broad,Los Angeles to Venice Sale,170,2,2.825,0,0.0,0.011764705882352941,0.0,1.4125,,0.0,-2.825
Google - US,Broad,Low Europe New York,3,2,2.4875,0,0.0,0.6666666666666666,0.0,1.24375,,0.0,-2.4875
Google - US,Broad,Low International Detroit,8,2,6.0875,0,0.0,0.25,0.0,3.04375,,0.0,-6.0875
Google - US,Broad,Low International Los Angeles,1,1,3.4625,0,0.0,1.0,0.0,3.4625,,0.0,-3.4625
Google - US,Broad,Luxury - Branded,5,1,0.0625,0,0.0,0.2,0.0,0.0625,,0.0,-0.0625
Google - US,Broad,Luxury Flight,2682,56,193.21249968749999,0,0.0,0.020879940343027592,0.0,3.450223208705357,,0.0,-193.21249968749999
Google - US,Broad,Lyon,5903,521,1252.1624989625002,0,0.0,0.08826020667457225,0.0,2.4033829154750483,,0.0,-1252.1624989625002
Google - US,Broad,Madrid,25825,395,450.7999985625,1,94.35,0.015295256534365925,0.002531645569620253,1.1412658191455696,450.7999985625,0.20929458806757092,-356.4499985625
Google - US,Broad,Madrid Branded,23,3,2.1375,0,0.0,0.13043478260869565,0.0,0.7125,,0.0,-2.1375
Google - US,Broad,Marseille,2717,277,575.7624977500001,1,671.5,0.10195068089804932,0.0036101083032490976,2.078564973826715,575.7624977500001,1.1662795034829965,95.73750224999992
Google - US,Broad,Marseille Branded,1,2,0.975,0,0.0,2.0,0.0,0.4875,,0.0,-0.975
Google - US,Broad,Miami to France Sale,1487,61,142.7874999375,1,470.05,0.0410221923335575,0.01639344262295082,2.3407786875,142.7874999375,3.291954829419572,327.2625000625
Google - US,Broad,Miami to Paris Sale,998,51,101.0374996875,0,0.0,0.05110220440881764,0.0,1.9811274448529412,,0.0,-101.0374996875
Google - US,Broad,Milan,11579,253,311.0749996625,0,0.0,0.021849900682269625,0.0,1.2295454532114625,,0.0,-311.0749996625
Google - US,Broad,Milan Branded,36,3,2.05,0,0.0,0.08333333333333333,0.0,0.6833333333333332,,0.0,-2.05
Google - US,Broad,New York to Athens Sale,308,32,73.2249999,0,0.0,0.1038961038961039,0.0,2.288281246875,,0.0,-73.2249999
Google - US,Broad,New York to Barcelona Sale,518,49,141.91249975,0,0.0,0.0945945945945946,0.0,2.896173464285714,,0.0,-141.91249975
Google - US,Broad,New York to Florence Sale,181,22,53.2624999375,1,490.45,0.12154696132596685,0.045454545454545456,2.4210227244318183,53.2624999375,9.208167107730775,437.18750006249996
Google - US,Broad,New York to France Sale,24230,1190,3020.674994425,24,20068.5,0.049112670243499794,0.020168067226890758,2.5383823482563024,125.86145810104166,6.643713751740489,17047.825005575
Google - US,Broad,New York to Italy Sale,1181,70,221.0499999625,0,0.0,0.05927180355630821,0.0,3.157857142321429,,0.0,-221.0499999625
Google - US,Broad,New York to Madrid Sale,394,21,46.06249995,0,0.0,0.0532994923857868,0.0,2.1934523785714286,,0.0,-46.06249995
Google - US,Broad,New York to Malaga Sale,9,1,1.725,0,0.0,0.1111111111111111,0.0,1.725,,0.0,-1.725
Google - US,Broad,New York to Milan Sale,87,2,4.6875,0,0.0,0.022988505747126436,0.0,2.34375,,0.0,-4.6875
Google - US,Broad,New York to Naples Sale,9,2,3.35,0,0.0,0.2222222222222222,0.0,1.675,,0.0,-3.35
Google - US,Broad,New York to Paris Sale,21405,1600,3878.737491975,19,13370.5,0.07474889044615744,0.011875,2.424210932484375,204.144078525,3.4471268106344377,9491.762508025
Google - US,Broad,New York to Rome Sale,613,63,222.2874998,0,0.0,0.10277324632952692,0.0,3.5283730126984127,,0.0,-222.2874998
Google - US,Broad,New York to Spain Sale,694,33,79.0374999125,0,0.0,0.04755043227665706,0.0,2.3950757549242425,,0.0,-79.0374999125
Google - US,Broad,New York to Venice Sale,135,11,28.7,0,0.0,0.08148148148148149,0.0,2.609090909090909,,0.0,-28.7
Google - US,Broad,Nice,24440,2133,4807.7999885125,9,1961.8,0.08727495908346972,0.004219409282700422,2.254008433432958,534.1999987236111,0.4080452607611423,-2845.9999885125
Google - US,Broad,Nice Branded,244,70,116.7124995375,3,2470.1,0.28688524590163933,0.04285714285714286,1.6673214219642856,38.9041665125,21.16397138085755,2353.3875004624997
Google - US,Broad,Paris,229440,16646,49209.9623473125,50,62719.799999999996,0.0725505578800558,0.0030037246185269733,2.9562635075881594,984.19924694625,1.2745346065769811,13509.837652687493
Google - US,Broad,Paris Branded,1700,354,558.6249972749999,5,3139.9,0.20823529411764705,0.014124293785310734,1.5780367154661015,111.72499945499999,5.6207652992912704,2581.2750027250004
Google - US,Broad,Paris Xpress,1273,19,52.8999999,0,0.0,0.014925373134328358,0.0,2.7842105210526316,,0.0,-52.8999999
Google - US,Broad,Philadelphia to Athens Sale,22,2,4.3875,0,0.0,0.09090909090909091,0.0,2.19375,,0.0,-4.3875
Google - US,Broad,Philadelphia to Barcelona Sale,40,5,19.9,0,0.0,0.125,0.0,3.9799999999999995,,0.0,-19.9
Google - US,Broad,Philadelphia to Florence Sale,16,2,3.5875,0,0.0,0.125,0.0,1.79375,,0.0,-3.5875
Google - US,Broad,Philadelphia to France Sale,263,17,41.1375,0,0.0,0.06463878326996197,0.0,2.4198529411764707,,0.0,-41.1375
Google - US,Broad,Philadelphia to Greece Sale,14,2,5.6875,0,0.0,0.14285714285714285,0.0,2.84375,,0.0,-5.6875
Google - US,Broad,Philadelphia to Italy Sale,172,7,22.55,0,0.0,0.040697674418604654,0.0,3.2214285714285715,,0.0,-22.55
Google - US,Broad,Philadelphia to Madrid Sale,27,1,2.75,0,0.0,0.037037037037037035,0.0,2.75,,0.0,-2.75
Google - US,Broad,Philadelphia to Paris Sale,208,17,36.787499975,1,434.35,0.08173076923076923,0.058823529411764705,2.163970586764706,36.787499975,11.806999668234454,397.562500025
Google - US,Broad,Philadelphia to Rome Sale,112,18,49.624999975,0,0.0,0.16071428571428573,0.0,2.7569444430555556,,0.0,-49.624999975
Google - US,Broad,Philadelphia to Spain Sale,179,8,18.525,0,0.0,0.0446927374301676,0.0,2.315625,,0.0,-18.525
Google - US,Broad,Rome,58367,1490,2638.274988225,0,0.0,0.025528123768567855,0.0,1.7706543545134228,,0.0,-2638.274988225
Google - US,Broad,Rome Branded,201,17,17.8374998625,0,0.0,0.0845771144278607,0.0,1.0492646977941176,,0.0,-17.8374998625
Google - US,Broad,San Francisco to Athens Sale,86,11,34.49999995,0,0.0,0.12790697674418605,0.0,3.136363631818182,,0.0,-34.49999995
Google - US,Broad,San Francisco to Barcelona Sale,118,17,45.274999975,0,0.0,0.1440677966101695,0.0,2.663235292647059,,0.0,-45.274999975
Google - US,Broad,San Francisco to Florence Sale,28,8,16.8,0,0.0,0.2857142857142857,0.0,2.1,,0.0,-16.8
Google - US,Broad,San Francisco to Italy Sale,2961,74,163.73749985,1,850.0,0.024991556906450524,0.013513513513513514,2.212668916891892,163.73749985,5.191235976967313,686.26250015
Google - US,Broad,San Francisco to Paris Sale,4463,392,990.2874981375,2,2972.45,0.0878332959892449,0.00510204081632653,2.526243617697704,495.14374906875,3.0016030754608996,1982.1625018624998
Google - US,Broad,San Francisco to Rome Sale,134,16,49.7374999875,0,0.0,0.11940298507462686,0.0,3.10859374921875,,0.0,-49.7374999875
Google - US,Broad,San Francisco to Venice Sale,354,8,15.625,0,0.0,0.022598870056497175,0.0,1.953125,,0.0,-15.625
Google - US,Broad,Seattle to Paris Sale,5456,542,1171.2249966375,4,2817.75,0.09934017595307917,0.007380073800738007,2.160931728113469,292.806249159375,2.4058144319746857,1646.5250033625
Google - US,Broad,Spain,41543,3029,8464.4374799,11,11599.1,0.07291240401511687,0.0036315615714757345,2.794465988742159,769.4943163545454,1.370333235674987,3134.6625201000006
Google - US,Broad,Spain Branded,137,16,9.2999999375,0,0.0,0.11678832116788321,0.0,0.58124999609375,,0.0,-9.2999999375
Google - US,Broad,Turkey,17867,753,1650.312493575,0,0.0,0.04214473610566967,0.0,2.1916500578685256,,0.0,-1650.312493575
Google - US,Broad,UK,2187,101,297.9749996125,0,0.0,0.04618198445358939,0.0,2.950247520915842,,0.0,-297.9749996125
Google - US,Broad,Venice,15928,306,426.13749955000003,0,0.0,0.01921145153189352,0.0,1.3926062076797388,,0.0,-426.13749955000003
Google - US,Exact,Air France Brand,188409,30418,13336.812403850001,439,515791.9,0.16144664002250422,0.014432244066013544,0.438451325,30.37998269669704,38.67430120341979,502455.08759615
Google - US,Exact,Istanbul,2960,73,110.31249952499999,0,0.0,0.024662162162162164,0.0,1.511130130479452,,0.0,-110.31249952499999
Google - US,Exact,London,124,10,28.6625,0,0.0,0.08064516129032258,0.0,2.86625,,0.0,-28.6625
Google - US,Exact,Rome,670,13,29.074999849999998,0,0.0,0.019402985074626865,0.0,2.23653845,,0.0,-29.074999849999998
Google - US,Exact,Venice,327,8,11.2624999375,0,0.0,0.024464831804281346,0.0,1.4078124921875,,0.0,-11.2624999375
Google - US,,Boston to Paris Sale,0,0,0.0,1,417.35,,,,0.0,,417.35
Google - US,,Google|Athens,585,7,2.174999925,0,0.0,0.011965811965811967,0.0,0.310714275,,0.0,-2.174999925
Google - US,,Google|Barcelona,44745,18,5.0625,0,0.0,0.0004022795843110962,0.0,0.28125,,0.0,-5.0625
Google - US,,Google|Berlin,10592,10,30.4625,0,0.0,0.0009441087613293052,0.0,3.0462499999999997,,0.0,-30.4625
Google - US,,Google|Britain,154,1,0.1875,0,0.0,0.006493506493506494,0.0,0.1875,,0.0,-0.1875
Google - US,,Google|Cologne,2384,5,14.4,0,0.0,0.0020973154362416107,0.0,2.88,,0.0,-14.4
Google - US,,Google|Delhi,24600,48,90.0124998,0,0.0,0.001951219512195122,0.0,1.8752604125,,0.0,-90.0124998
Google - US,,Google|Discount Airfare,157286,135,36.824999625,0,0.0,0.0008583090675584604,0.0,0.272777775,,0.0,-36.824999625
Google - US,,Google|England,112,2,0.8,0,0.0,0.017857142857142856,0.0,0.4,,0.0,-0.8
Google - US,,Google|Europe,157285,112,31.6499988,1,2882.35,0.0007120831611406046,0.008928571428571428,0.282589275,31.6499988,91.06951372143496,2850.7000012
Google - US,,Google|Flights Relaunch,7590,28,8.7874997,0,0.0,0.003689064558629776,0.0,0.313839275,,0.0,-8.7874997
Google - US,,Google|Frankfurt,691,5,1.275,0,0.0,0.00723589001447178,0.0,0.255,,0.0,-1.275
Google - US,,Google|Germany,2013,2,0.575,0,0.0,0.0009935419771485345,0.0,0.2875,,0.0,-0.575
Google - US,,Google|Greece,27161,33,131.3374998375,0,0.0,0.0012149773572401605,0.0,3.9799242374999997,,0.0,-131.3374998375
Google - US,,Google|Hamburg,1712,3,19.074999974999997,0,0.0,0.0017523364485981308,0.0,6.358333324999999,,0.0,-19.074999974999997
Google - US,,Google|International Airfare,115052,34,5.662499825,0,0.0,0.0002955185481347565,0.0,0.1665441125,,0.0,-5.662499825
Google - US,,Google|International Flights,831,12,3.7875,0,0.0,0.01444043321299639,0.0,0.315625,,0.0,-3.7875
Google - US,,Google|International General,59749,420,94.5374955,0,0.0,0.007029406349897069,0.0,0.225089275,,0.0,-94.5374955
Google - US,,Google|Istanbul,26344,32,6.8625,0,0.0,0.0012146978439113271,0.0,0.214453125,,0.0,-6.8625
Google - US,,Google|Italy,11166,13,4.6874998625,0,0.0,0.0011642486118574244,0.0,0.3605769125,,0.0,-4.6874998625
Google - US,,Google|Madrid,794,8,1.65,0,0.0,0.010075566750629723,0.0,0.20625,,0.0,-1.65
Google - US,,Google|Milan,1669,1,0.2375,0,0.0,0.0005991611743559018,0.0,0.2375,,0.0,-0.2375
Google - US,,Google|Munich,344,2,0.8,0,0.0,0.005813953488372093,0.0,0.4,,0.0,-0.8
Google - US,,Google|Rome,389,3,0.8749999875000001,0,0.0,0.007712082262210797,0.0,0.2916666625,,0.0,-0.8749999875000001
Google - US,,Google|Spain,1979,18,4.6999998,0,0.0,0.009095502779181405,0.0,0.2611111,,0.0,-4.6999998
Google - US,,Google|Stuttgart,850,2,10.2,0,0.0,0.002352941176470588,0.0,5.1,,0.0,-10.2
Google - US,,Google|Switzerland,2316,1,0.325,0,0.0,0.0004317789291882556,0.0,0.325,,0.0,-0.325
Google - US,,Google|Turkey,63555,53,13.0499998625,0,0.0,0.0008339233734560616,0.0,0.2462264125,,0.0,-13.0499998625
Google - US,,Google|agadir,144,2,0.65,0,0.0,0.013888888888888888,0.0,0.325,,0.0,-0.65
Google - US,,Google|belgrade,207,5,13.6,0,0.0,0.024154589371980676,0.0,2.7199999999999998,,0.0,-13.6
Google - US,,Google|cairo,293,9,7.6624999874999995,0,0.0,0.030716723549488054,0.0,0.8513888875,,0.0,-7.6624999874999995
Google - US,,Google|casablanca,718,3,8.8624999875,0,0.0,0.004178272980501393,0.0,2.9541666625,,0.0,-8.8624999875
Google - US,,Google|dubai,920,44,67.375,0,0.0,0.04782608695652174,0.0,1.53125,,0.0,-67.375
Google - US,,Google|johannesburg,138,1,0.2375,0,0.0,0.007246376811594203,0.0,0.2375,,0.0,-0.2375
Google - US,,Google|kiev,88,1,2.3375,0,0.0,0.011363636363636364,0.0,2.3375,,0.0,-2.3375
Google - US,,Google|marrakech,19,1,4.625,0,0.0,0.05263157894736842,0.0,4.625,,0.0,-4.625
Google - US,,Google|moscow,351,3,9.1125,0,0.0,0.008547008547008548,0.0,3.0375,,0.0,-9.1125
Google - US,,Google|nairobi,449,4,5.3125,0,0.0,0.008908685968819599,0.0,1.328125,,0.0,-5.3125
Google - US,,Google|prague,694,8,23.6625,0,0.0,0.011527377521613832,0.0,2.9578125,,0.0,-23.6625
Google - US,,Google|sofia,86,2,0.775,0,0.0,0.023255813953488372,0.0,0.3875,,0.0,-0.775
Google - US,,Google|tel aviv,4688,25,27.1375,0,0.0,0.005332764505119454,0.0,1.0855,,0.0,-27.1375
MSN - Global,Broad,Air France Brand,55389,7586,5641.6999638375,97,117208.2,0.1369586018884616,0.012786712364882678,0.7436989142944239,58.16185529729381,20.775333809186595,111566.5000361625
MSN - Global,Broad,Air France Website,7216,2080,947.0249812249999,25,20740.850000000002,0.28824833702882485,0.01201923076923077,0.4553004717427884,37.880999249,21.901059012372837,19793.825018775
MSN - Global,Broad,Bordeaux,270,4,8.7625,0,0.0,0.014814814814814815,0.0,2.190625,,0.0,-8.7625
MSN - Global,Broad,France,35598,591,3230.36249735,1,390.15,0.01660205629529749,0.001692047377326565,5.46592639145516,3230.36249735,0.12077591921032273,-2840.21249735
MSN - Global,Broad,France Branded,20,1,0.775,0,0.0,0.05,0.0,0.775,,0.0,-0.775
MSN - Global,Broad,Lyon,445,8,11.1875,0,0.0,0.017977528089887642,0.0,1.3984375,,0.0,-11.1875
MSN - Global,Broad,Marseille,131,1,2.625,0,0.0,0.007633587786259542,0.0,2.625,,0.0,-2.625
MSN - Global,Broad,Nice,1314,54,83.9749997875,0,0.0,0.0410958904109589,0.0,1.5550925886574074,,0.0,-83.9749997875
MSN - Global,Broad,Paris,39377,881,2212.5749962125,6,7185.05,0.022373466744546308,0.00681044267877412,2.5114358640323498,368.76249936875,3.2473701512036492,4972.4750037875
MSN - Global,Broad,Paris Branded,219,11,21.374999925,0,0.0,0.0502283105022831,0.0,1.9431818113636365,,0.0,-21.374999925
MSN - US,Broad,Air France Brand,54908,7359,10356.674933087499,109,145895.7,0.13402418591097837,0.014811795080853377,1.4073481360358064,95.01536635860091,14.087117819435706,135539.02506691252
MSN - US,Broad,Air France Website,7303,1898,1311.8124801000001,29,34512.55,0.2598931945775709,0.015279241306638568,0.6911551528451002,45.234913106896556,26.309057524265278,33200.7375199
MSN - US,Broad,Business Class - Generic,5191,24,128.89999987500002,0,0.0,0.004623386630706993,0.0,5.370833328125001,,0.0,-128.89999987500002
MSN - US,Broad,France,57799,406,1272.824998775,1,512.55,0.007024342981712487,0.0024630541871921183,3.1350369427955664,1272.824998775,0.4026869369263579,-760.2749987750001
MSN - US,Broad,France Branded,21,4,6.6125,0,0.0,0.19047619047619047,0.0,1.653125,,0.0,-6.6125
MSN - US,Broad,Marseille,102,8,33.1875,0,0.0,0.0784313725490196,0.0,4.1484375,,0.0,-33.1875
MSN - US,Broad,Nice,1228,73,172.6749996125,0,0.0,0.059446254071661236,0.0,2.36541095359589,,0.0,-172.6749996125
MSN - US,Broad,Paris,42974,1026,2790.6749951875,1,629.0,0.023874901102992507,0.0009746588693957114,2.7199561356603312,2790.6749951875,0.2253934983775274,-2161.6749951875
MSN - US,Broad,Paris Branded,593,9,22.45,0,0.0,0.01517706576728499,0.0,2.4944444444444445,,0.0,-22.45
MSN - US,Broad,Seattle to Paris Sale,1,1,2.675,0,0.0,1.0,0.0,2.675,,0.0,-2.675
Overture - Global,Advanced,Unassigned,12275979,40970,35936.8997161875,306,351239.55,0.003337412030437654,0.007468879668049793,0.8771515673953503,117.4408487457108,9.7737855177804,315302.6502838125
Overture - Global,Standard,Unassigned,5622748,19929,28358.962427399998,66,78845.15,0.003544352334481289,0.0033117567364142706,1.4229997705554718,429.68124889999996,2.780255102839059,50486.1875726
Overture - US,Advanced,Unassigned,3793168,33919,40138.9248111625,39,46377.7,0.008942129639393774,0.001149798048291518,1.1833758309844777,1029.203200286218,1.1554295541843342,6238.775188837499
Overture - US,Standard,Unassigned,13269320,85404,101837.14964440001,250,301055.55,0.0064362001971465,0.0029272633600299753,1.192416627375767,407.34859857760006,2.9562448581017895,199218.4003556
Yahoo - US,Advanced,Air France Brand,49287,6672,5098.39996025,87,112734.65,0.13537038164221804,0.013039568345323741,0.764148675097422,58.60229839367816,22.111770531724243,107636.25003975
Yahoo - US,Advanced,Air France Website,313404,30349,23615.562204175003,531,719293.8,0.09683667087848273,0.017496457873406042,0.7781331247874725,44.473751796939744,30.458466064925435,695678.237795825
Yahoo - US,Advanced,Airfrance Deal Boston,1,1,1.075,0,0.0,1.0,0.0,1.075,,0.0,-1.075
Yahoo - US,Advanced,Airfrance Deal DC,3,1,0.25,0,0.0,0.3333333333333333,0.0,0.25,,0.0,-0.25
Yahoo - US,Advanced,Airfrance Deal Houston,1,1,1.0,0,0.0,1.0,0.0,1.0,,0.0,-1.0
Yahoo - US,Advanced,Airfrance Deal Los Angeles,1,1,1.025,0,0.0,1.0,0.0,1.025,,0.0,-1.025
Yahoo - US,Advanced,Airfrance Deal Miami,1,1,0.3125,0,0.0,1.0,0.0,0.3125,,0.0,-0.3125
Yahoo - US,Advanced,Airfrance Deal New York,19,4,5.3875,0,0.0,0.21052631578947367,0.0,1.346875,,0.0,-5.3875
Yahoo - US,Advanced,Airfrance Deal Philadelphia,3,1,0.2375,0,0.0,0.3333333333333333,0.0,0.2375,,0.0,-0.2375
Yahoo - US,Advanced,Airfrance Deal San Francisco,1,1,0.2375,0,0.0,1.0,0.0,0.2375,,0.0,-0.2375
Yahoo - US,Advanced,Athens,2346,22,44.8124999,0,0.0,0.00937766410912191,0.0,2.0369318136363637,,0.0,-44.8124999
Yahoo - US,Advanced,Atlanta to Barcelona Sale,31,1,0.8375,0,0.0,0.03225806451612903,0.0,0.8375,,0.0,-0.8375
Yahoo - US,Advanced,Atlanta to Florence Sale,1,1,1.4125,0,0.0,1.0,0.0,1.4125,,0.0,-1.4125
Yahoo - US,Advanced,Atlanta to France Sale,1,1,2.7,0,0.0,1.0,0.0,2.7,,0.0,-2.7
Yahoo - US,Advanced,Atlanta to Greece Sale,1,1,0.6125,0,0.0,1.0,0.0,0.6125,,0.0,-0.6125
Yahoo - US,Advanced,Atlanta to Italy Sale,6,2,1.7999999999999998,0,0.0,0.3333333333333333,0.0,0.8999999999999999,,0.0,-1.7999999999999998
Yahoo - US,Advanced,Atlanta to Madrid Sale,52,1,0.9875,0,0.0,0.019230769230769232,0.0,0.9875,,0.0,-0.9875
Yahoo - US,Advanced,Atlanta to Naples Sale,15,1,0.9875,0,0.0,0.06666666666666667,0.0,0.9875,,0.0,-0.9875
Yahoo - US,Advanced,Atlanta to Rome Sale,586,3,4.9125,0,0.0,0.005119453924914676,0.0,1.6375,,0.0,-4.9125
Yahoo - US,Advanced,Atlanta to Venice Sale,3,1,0.1875,0,0.0,0.3333333333333333,0.0,0.1875,,0.0,-0.1875
Yahoo - US,Advanced,Bargain Europe Boston,1,1,1.5,0,0.0,1.0,0.0,1.5,,0.0,-1.5
Yahoo - US,Advanced,Bargain International Boston,1,1,0.7875,0,0.0,1.0,0.0,0.7875,,0.0,-0.7875
Yahoo - US,Advanced,Berlin,56,2,3.7625,0,0.0,0.03571428571428571,0.0,1.88125,,0.0,-3.7625
Yahoo - US,Advanced,Boston to Florence Sale,170,3,4.749999975000001,0,0.0,0.01764705882352941,0.0,1.5833333250000001,,0.0,-4.749999975000001
Yahoo - US,Advanced,Boston to Milan Sale,4,1,1.8875,0,0.0,0.25,0.0,1.8875,,0.0,-1.8875
Yahoo - US,Advanced,Boston to Paris Sale,1,1,4.4875,0,0.0,1.0,0.0,4.4875,,0.0,-4.4875
Yahoo - US,Advanced,Boston to Pisa Sale,63,2,1.375,0,0.0,0.031746031746031744,0.0,0.6875,,0.0,-1.375
Yahoo - US,Advanced,Boston to Venice Sale,75,1,1.125,0,0.0,0.013333333333333334,0.0,1.125,,0.0,-1.125
Yahoo - US,Advanced,Business Class - Branded,90,7,8.699999975,0,0.0,0.07777777777777778,0.0,1.2428571392857144,,0.0,-8.699999975
Yahoo - US,Advanced,Business Class - Generic,23247,176,825.7499991499999,0,0.0,0.0075708693594872456,0.0,4.691761358806818,,0.0,-825.7499991499999
Yahoo - US,Advanced,Cheap Europe Atlanta,354,5,15.387499975,0,0.0,0.014124293785310734,0.0,3.077499995,,0.0,-15.387499975
Yahoo - US,Advanced,Cheap Europe Boston,129,1,5.6125,0,0.0,0.007751937984496124,0.0,5.6125,,0.0,-5.6125
Yahoo - US,Advanced,Cheap Europe Cincinnati,2,1,2.0,0,0.0,0.5,0.0,2.0,,0.0,-2.0
Yahoo - US,Advanced,Cheap Europe DC,86,1,1.4625,0,0.0,0.011627906976744186,0.0,1.4625,,0.0,-1.4625
Yahoo - US,Advanced,Cheap Europe Detroit,23,3,4.95,0,0.0,0.13043478260869565,0.0,1.6500000000000001,,0.0,-4.95
Yahoo - US,Advanced,Cheap Europe Houston,194,2,2.4875,0,0.0,0.010309278350515464,0.0,1.24375,,0.0,-2.4875
Yahoo - US,Advanced,Cheap Europe Los Angeles,317,5,17.675,0,0.0,0.015772870662460567,0.0,3.535,,0.0,-17.675
Yahoo - US,Advanced,Cheap Europe Miami,197,1,2.4375,0,0.0,0.005076142131979695,0.0,2.4375,,0.0,-2.4375
Yahoo - US,Advanced,Cheap Europe New York,410,1,4.3,0,0.0,0.0024390243902439024,0.0,4.3,,0.0,-4.3
Yahoo - US,Advanced,Cheap Europe Philadelphia,9,1,3.3875,0,0.0,0.1111111111111111,0.0,3.3875,,0.0,-3.3875
Yahoo - US,Advanced,Cheap International Atlanta,1105,28,85.33749998750001,0,0.0,0.025339366515837104,0.0,3.047767856696429,,0.0,-85.33749998750001
Yahoo - US,Advanced,Cheap International Boston,1319,53,199.6249997625,0,0.0,0.0401819560272934,0.0,3.766509429481132,,0.0,-199.6249997625
Yahoo - US,Advanced,Cheap International Chicago,2170,61,213.43749956250002,0,0.0,0.028110599078341014,0.0,3.498975402663935,,0.0,-213.43749956250002
Yahoo - US,Advanced,Cheap International Cincinnati,152,4,6.699999999999999,0,0.0,0.02631578947368421,0.0,1.6749999999999998,,0.0,-6.699999999999999
Yahoo - US,Advanced,Cheap International DC,2968,46,161.46249982499998,0,0.0,0.01549865229110512,0.0,3.510054344021739,,0.0,-161.46249982499998
Yahoo - US,Advanced,Cheap International Detroit,735,32,78.5999999125,0,0.0,0.04353741496598639,0.0,2.456249997265625,,0.0,-78.5999999125
Yahoo - US,Advanced,Cheap International Houston,1620,51,197.4499999375,0,0.0,0.03148148148148148,0.0,3.87156862622549,,0.0,-197.4499999375
Yahoo - US,Advanced,Cheap International Los Angeles,3161,114,434.94999920000004,0,0.0,0.036064536539069915,0.0,3.815350870175439,,0.0,-434.94999920000004
Yahoo - US,Advanced,Cheap International Miami,864,24,94.82499992499999,0,0.0,0.027777777777777776,0.0,3.951041663541666,,0.0,-94.82499992499999
Yahoo - US,Advanced,Cheap International New York,4718,153,581.8374995500001,1,834.7,0.03242899533700721,0.006535947712418301,3.802859474183007,581.8374995500001,1.4345929931390926,252.86250044999997
Yahoo - US,Advanced,Cheap International Philadelphia,1067,36,110.13749992499999,0,0.0,0.033739456419868794,0.0,3.0593749979166662,,0.0,-110.13749992499999
Yahoo - US,Advanced,Cheap International San Francisco,6769,109,410.9249992124999,0,0.0,0.016102821687102968,0.0,3.7699541212155956,,0.0,-410.9249992124999
Yahoo - US,Advanced,Chicago to Florence Sale,136,4,5.774999987499999,0,0.0,0.029411764705882353,0.0,1.4437499968749998,,0.0,-5.774999987499999
Yahoo - US,Advanced,Chicago to France Sale,15,4,8.0,0,0.0,0.26666666666666666,0.0,2.0,,0.0,-8.0
Yahoo - US,Advanced,Chicago to Italy Sale,1,1,0.2875,0,0.0,1.0,0.0,0.2875,,0.0,-0.2875
Yahoo - US,Advanced,Chicago to Madrid Sale,3,2,1.0750000000000002,0,0.0,0.6666666666666666,0.0,0.5375000000000001,,0.0,-1.0750000000000002
Yahoo - US,Advanced,Chicago to Malaga Sale,9,2,2.1500000000000004,0,0.0,0.2222222222222222,0.0,1.0750000000000002,,0.0,-2.1500000000000004
Yahoo - US,Advanced,Chicago to Milan Sale,42,1,1.8875,0,0.0,0.023809523809523808,0.0,1.8875,,0.0,-1.8875
Yahoo - US,Advanced,Chicago to Paris Sale,7,3,2.875,0,0.0,0.42857142857142855,0.0,0.9583333333333334,,0.0,-2.875
Yahoo - US,Advanced,Chicago to Rome Sale,4,2,7.15,0,0.0,0.5,0.0,3.575,,0.0,-7.15
Yahoo - US,Advanced,Chicago to Spain Sale,1,1,0.875,0,0.0,1.0,0.0,0.875,,0.0,-0.875
Yahoo - US,Advanced,Cincinnati to Pisa Sale,2,1,0.9125,0,0.0,0.5,0.0,0.9125,,0.0,-0.9125
Yahoo - US,Advanced,Cologne,23369,79,252.49999971250003,0,0.0,0.0033805468783431043,0.0,3.1962025280063293,,0.0,-252.49999971250003
Yahoo - US,Advanced,DC to Athens Sale,45,1,1.325,0,0.0,0.022222222222222223,0.0,1.325,,0.0,-1.325
Yahoo - US,Advanced,DC to Barcelona Sale,49,1,1.8375,0,0.0,0.02040816326530612,0.0,1.8375,,0.0,-1.8375
Yahoo - US,Advanced,DC to France Sale,16,2,1.6625,0,0.0,0.125,0.0,0.83125,,0.0,-1.6625
Yahoo - US,Advanced,DC to Paris Sale,26,3,7.5,0,0.0,0.11538461538461539,0.0,2.5,,0.0,-7.5
Yahoo - US,Advanced,DC to Rome Sale,97,2,3.05,0,0.0,0.020618556701030927,0.0,1.525,,0.0,-3.05
Yahoo - US,Advanced,DC to Venice Sale,142,2,2.5625,0,0.0,0.014084507042253521,0.0,1.28125,,0.0,-2.5625
Yahoo - US,Advanced,Detroit to Italy Sale,3,1,1.025,0,0.0,0.3333333333333333,0.0,1.025,,0.0,-1.025
Yahoo - US,Advanced,Detroit to Rome Sale,331,1,1.3875,0,0.0,0.0030211480362537764,0.0,1.3875,,0.0,-1.3875
Yahoo - US,Advanced,Detroit to Venice Sale,56,1,1.675,0,0.0,0.017857142857142856,0.0,1.675,,0.0,-1.675
Yahoo - US,Advanced,Discount Europe Chicago,25,3,3.9375,0,0.0,0.12,0.0,1.3125,,0.0,-3.9375
Yahoo - US,Advanced,Discount Europe Los Angeles,5,1,2.4125,0,0.0,0.2,0.0,2.4125,,0.0,-2.4125
Yahoo - US,Advanced,Discount Europe New York,20,2,10.9375,0,0.0,0.1,0.0,5.46875,,0.0,-10.9375
Yahoo - US,Advanced,Discount Europe San Francisco,1,1,1.8375,0,0.0,1.0,0.0,1.8375,,0.0,-1.8375
Yahoo - US,Advanced,Discount International Atlanta,59,2,6.5375,0,0.0,0.03389830508474576,0.0,3.26875,,0.0,-6.5375
Yahoo - US,Advanced,Discount International Boston,32,3,2.837499975,0,0.0,0.09375,0.0,0.9458333250000001,,0.0,-2.837499975
Yahoo - US,Advanced,Discount International Chicago,141,10,21.137500000000003,0,0.0,0.07092198581560284,0.0,2.1137500000000005,,0.0,-21.137500000000003
Yahoo - US,Advanced,Discount International DC,137,7,15.85,0,0.0,0.051094890510948905,0.0,2.2642857142857142,,0.0,-15.85
Yahoo - US,Advanced,Discount International Detroit,20,3,2.85,0,0.0,0.15,0.0,0.9500000000000001,,0.0,-2.85
Yahoo - US,Advanced,Discount International Houston,32,1,1.0625,0,0.0,0.03125,0.0,1.0625,,0.0,-1.0625
Yahoo - US,Advanced,Discount International Los Angeles,86,9,22.0374999,0,0.0,0.10465116279069768,0.0,2.4486111,,0.0,-22.0374999
Yahoo - US,Advanced,Discount International Miami,12,3,6.7124999999999995,0,0.0,0.25,0.0,2.2375,,0.0,-6.7124999999999995
Yahoo - US,Advanced,Discount International New York,164,5,10.149999975,0,0.0,0.03048780487804878,0.0,2.029999995,,0.0,-10.149999975
Yahoo - US,Advanced,Discount International Philadelphia,34,4,8.75,0,0.0,0.11764705882352941,0.0,2.1875,,0.0,-8.75
Yahoo - US,Advanced,Discount International San Francisco,131,3,2.7,0,0.0,0.022900763358778626,0.0,0.9,,0.0,-2.7
Yahoo - US,Advanced,Europe,10369,300,746.1999985625,1,516.8,0.02893239463786286,0.0033333333333333335,2.4873333285416668,746.1999985625,0.6925757183001575,-229.39999856250006
Yahoo - US,Advanced,Europe Atlanta,49,5,6.574999999999999,0,0.0,0.10204081632653061,0.0,1.315,,0.0,-6.574999999999999
Yahoo - US,Advanced,Europe Boston,17,3,5.7625,0,0.0,0.17647058823529413,0.0,1.9208333333333334,,0.0,-5.7625
Yahoo - US,Advanced,Europe Chicago,364,41,98.399999875,0,0.0,0.11263736263736264,0.0,2.3999999969512196,,0.0,-98.399999875
Yahoo - US,Advanced,Europe DC,2,1,1.2625,0,0.0,0.5,0.0,1.2625,,0.0,-1.2625
Yahoo - US,Advanced,Europe Los Angeles,53,8,22.6,0,0.0,0.1509433962264151,0.0,2.825,,0.0,-22.6
Yahoo - US,Advanced,Europe Miami,20,3,9.0625,0,0.0,0.15,0.0,3.0208333333333335,,0.0,-9.0625
Yahoo - US,Advanced,Europe New York,123,8,28.6499999875,0,0.0,0.06504065040650407,0.0,3.5812499984375,,0.0,-28.6499999875
Yahoo - US,Advanced,Europe Philadelphia,12,2,3.1,0,0.0,0.16666666666666666,0.0,1.55,,0.0,-3.1
Yahoo - US,Advanced,Europe San Francisco,149,6,11.65,0,0.0,0.040268456375838924,0.0,1.9416666666666667,,0.0,-11.65
Yahoo - US,Advanced,Florence,9767,31,46.712499825,9,8777.95,0.0031739531074024777,0.2903225806451613,1.5068548330645162,5.190277758333334,187.9143705193474,8731.237500175
Yahoo - US,Advanced,General Terms,144298,518,606.4749957,1,1977.95,0.003589793344329097,0.0019305019305019305,1.17080115,606.4749957,3.2613875494026408,1371.4750043
Yahoo - US,Advanced,Germany,348,8,16.737499999999997,0,0.0,0.022988505747126436,0.0,2.0921874999999996,,0.0,-16.737499999999997
Yahoo - US,Advanced,Greece,2717,39,124.47499989999999,0,0.0,0.014354066985645933,0.0,3.1916666641025637,,0.0,-124.47499989999999
Yahoo - US,Advanced,Hamburg,3789,4,6.225,0,0.0,0.0010556875164951175,0.0,1.55625,,0.0,-6.225
Yahoo - US,Advanced,Hanover,6107,3,1.8375,0,0.0,0.0004912395611593254,0.0,0.6124999999999999,,0.0,-1.8375
Yahoo - US,Advanced,Houston to Florence Sale,157,1,1.5375,0,0.0,0.006369426751592357,0.0,1.5375,,0.0,-1.5375
Yahoo - US,Advanced,Houston to Paris Sale,5,1,0.775,0,0.0,0.2,0.0,0.775,,0.0,-0.775
Yahoo - US,Advanced,Houston to Rome Sale,494,1,0.9875,0,0.0,0.0020242914979757085,0.0,0.9875,,0.0,-0.9875
Yahoo - US,Advanced,Houston to Spain Sale,2,2,3.6125,0,0.0,1.0,0.0,1.80625,,0.0,-3.6125
Yahoo - US,Advanced,International Atlanta,2165,77,136.9749998125,1,170.0,0.03556581986143187,0.012987012987012988,1.7788961014610387,136.9749998125,1.2411023926461524,33.02500018750001
Yahoo - US,Advanced,International Boston,2707,76,146.8999997875,0,0.0,0.028075360177318064,0.0,1.9328947340460527,,0.0,-146.8999997875
Yahoo - US,Advanced,International Chicago,4380,204,434.88749912500003,1,4403.85,0.04657534246575343,0.004901960784313725,2.1318014662990197,434.88749912500003,10.12641202347874,3968.9625008750004
Yahoo - US,Advanced,International Cincinnati,520,10,24.1375,0,0.0,0.019230769230769232,0.0,2.41375,,0.0,-24.1375
Yahoo - US,Advanced,International DC,9994,129,268.54999922499997,4,317.05,0.012907744646788073,0.031007751937984496,2.081782939728682,67.13749980624999,1.1805995193258785,48.500000775000046
Yahoo - US,Advanced,International Detroit,1611,68,111.77499982500001,0,0.0,0.04220980757293606,0.0,1.6437499974264707,,0.0,-111.77499982500001
Yahoo - US,Advanced,International Houston,1920,45,109.38749982499999,0,0.0,0.0234375,0.0,2.4308333294444444,,0.0,-109.38749982499999
Yahoo - US,Advanced,International Los Angeles,4767,144,263.68749909999997,0,0.0,0.030207677784770296,0.0,1.8311631881944441,,0.0,-263.68749909999997
Yahoo - US,Advanced,International Miami,3637,86,279.01249936249997,0,0.0,0.02364586197415452,0.0,3.2443313879360463,,0.0,-279.01249936249997
Yahoo - US,Advanced,International New York,13573,367,920.4999984125,1,816.0,0.02703897443453916,0.0027247956403269754,2.5081743825953677,920.4999984125,0.8864747435168698,-104.49999841249996
Yahoo - US,Advanced,International Philadelphia,4431,88,247.3374996375,0,0.0,0.019860076732114647,0.0,2.8106534049715908,,0.0,-247.3374996375
Yahoo - US,Advanced,International San Francisco,9575,134,284.91249937500004,0,0.0,0.013994778067885117,0.0,2.1262126819029854,,0.0,-284.91249937500004
Yahoo - US,Advanced,Italy,4539,55,130.93749966250002,0,0.0,0.012117206433135052,0.0,2.380681812045455,,0.0,-130.93749966250002
Yahoo - US,Advanced,Los Angeles to Athens Sale,60,2,6.637499999999999,0,0.0,0.03333333333333333,0.0,3.3187499999999996,,0.0,-6.637499999999999
Yahoo - US,Advanced,Los Angeles to Barcelona Sale,123,5,10.975000000000001,0,0.0,0.04065040650406504,0.0,2.1950000000000003,,0.0,-10.975000000000001
Yahoo - US,Advanced,Los Angeles to Florence Sale,461,6,10.225,0,0.0,0.013015184381778741,0.0,1.7041666666666666,,0.0,-10.225
Yahoo - US,Advanced,Los Angeles to France Sale,278,7,13.2375,0,0.0,0.025179856115107913,0.0,1.8910714285714287,,0.0,-13.2375
Yahoo - US,Advanced,Los Angeles to Greece Sale,7,2,2.3375,0,0.0,0.2857142857142857,0.0,1.16875,,0.0,-2.3375
Yahoo - US,Advanced,Los Angeles to Paris Sale,131,5,13.112499975,0,0.0,0.03816793893129771,0.0,2.622499995,,0.0,-13.112499975
Yahoo - US,Advanced,Los Angeles to Rome Sale,133,3,4.2,0,0.0,0.022556390977443608,0.0,1.4000000000000001,,0.0,-4.2
Yahoo - US,Advanced,Los Angeles to Spain Sale,2,1,5.1125,0,0.0,0.5,0.0,5.1125,,0.0,-5.1125
Yahoo - US,Advanced,Los Angeles to Valencia Sale,87,2,1.0,0,0.0,0.022988505747126436,0.0,0.5,,0.0,-1.0
Yahoo - US,Advanced,Los Angeles to Venice Sale,288,1,1.5125,0,0.0,0.003472222222222222,0.0,1.5125,,0.0,-1.5125
Yahoo - US,Advanced,Low Europe Chicago,4,1,2.5375,0,0.0,0.25,0.0,2.5375,,0.0,-2.5375
Yahoo - US,Advanced,Low International DC,6,1,0.625,1,1574.2,0.16666666666666666,1.0,0.625,0.625,2518.7200000000003,1573.575
Yahoo - US,Advanced,Low International Houston,5,1,0.6875,0,0.0,0.2,0.0,0.6875,,0.0,-0.6875
Yahoo - US,Advanced,Luxury Flight,293,5,17.1124999875,0,0.0,0.017064846416382253,0.0,3.4224999975,,0.0,-17.1124999875
Yahoo - US,Advanced,Miami to Italy Sale,3,2,2.3375000000000004,0,0.0,0.6666666666666666,0.0,1.1687500000000002,,0.0,-2.3375000000000004
Yahoo - US,Advanced,Milan,1881,9,10.999999975000001,0,0.0,0.004784688995215311,0.0,1.2222222194444445,,0.0,-10.999999975000001
Yahoo - US,Advanced,Munich,194,2,7.6000000000000005,0,0.0,0.010309278350515464,0.0,3.8000000000000003,,0.0,-7.6000000000000005
Yahoo - US,Advanced,New York to Athens Sale,83,3,3.8124999750000006,0,0.0,0.03614457831325301,0.0,1.2708333250000001,,0.0,-3.8124999750000006
Yahoo - US,Advanced,New York to Barcelona Sale,17,1,0.45,0,0.0,0.058823529411764705,0.0,0.45,,0.0,-0.45
Yahoo - US,Advanced,New York to Florence Sale,583,7,9.6874999375,0,0.0,0.012006861063464836,0.0,1.3839285625,,0.0,-9.6874999375
Yahoo - US,Advanced,New York to France Sale,26,6,10.1625,0,0.0,0.23076923076923078,0.0,1.6937499999999999,,0.0,-10.1625
Yahoo - US,Advanced,New York to Greece Sale,4,3,3.1875,0,0.0,0.75,0.0,1.0625,,0.0,-3.1875
Yahoo - US,Advanced,New York to Italy Sale,11,1,0.475,0,0.0,0.09090909090909091,0.0,0.475,,0.0,-0.475
Yahoo - US,Advanced,New York to Paris Sale,111,3,6.675,0,0.0,0.02702702702702703,0.0,2.225,,0.0,-6.675
Yahoo - US,Advanced,New York to Pisa Sale,143,1,1.2125,0,0.0,0.006993006993006993,0.0,1.2125,,0.0,-1.2125
Yahoo - US,Advanced,New York to Rome Sale,763,3,7.3625,0,0.0,0.003931847968545216,0.0,2.4541666666666666,,0.0,-7.3625
Yahoo - US,Advanced,New York to Spain Sale,4,1,4.5875,0,0.0,0.25,0.0,4.5875,,0.0,-4.5875
Yahoo - US,Advanced,New York to Venice Sale,469,3,4.337499975,0,0.0,0.006396588486140725,0.0,1.445833325,,0.0,-4.337499975
Yahoo - US,Advanced,Philadelphia to Florence Sale,170,4,6.6875,0,0.0,0.023529411764705882,0.0,1.671875,,0.0,-6.6875
Yahoo - US,Advanced,Philadelphia to Greece Sale,1,1,1.225,0,0.0,1.0,0.0,1.225,,0.0,-1.225
Yahoo - US,Advanced,Philadelphia to Milan Sale,1,1,3.6,0,0.0,1.0,0.0,3.6,,0.0,-3.6
Yahoo - US,Advanced,Philadelphia to Venice Sale,96,1,1.7625,0,0.0,0.010416666666666666,0.0,1.7625,,0.0,-1.7625
Yahoo - US,Advanced,Rome,20347,63,104.5624998125,4,5729.0,0.003096279549810783,0.06349206349206349,1.6597222192460317,26.140624953125,54.79019734869731,5624.4375001875
Yahoo - US,Advanced,San Francisco to Athens Sale,56,3,5.925,0,0.0,0.05357142857142857,0.0,1.9749999999999999,,0.0,-5.925
Yahoo - US,Advanced,San Francisco to Florence Sale,417,8,13.325,0,0.0,0.019184652278177457,0.0,1.665625,,0.0,-13.325
Yahoo - US,Advanced,San Francisco to France Sale,20,2,6.5375000000000005,0,0.0,0.1,0.0,3.2687500000000003,,0.0,-6.5375000000000005
Yahoo - US,Advanced,San Francisco to Paris Sale,126,6,16.775,0,0.0,0.047619047619047616,0.0,2.795833333333333,,0.0,-16.775
Yahoo - US,Advanced,San Francisco to Pisa Sale,57,1,0.675,0,0.0,0.017543859649122806,0.0,0.675,,0.0,-0.675
Yahoo - US,Advanced,San Francisco to Rome Sale,135,4,6.824999999999999,0,0.0,0.02962962962962963,0.0,1.7062499999999998,,0.0,-6.824999999999999
Yahoo - US,Advanced,San Francisco to Spain Sale,1,1,4.9625,0,0.0,1.0,0.0,4.9625,,0.0,-4.9625
Yahoo - US,Advanced,San Francisco to Venice Sale,206,4,6.1625,0,0.0,0.019417475728155338,0.0,1.540625,,0.0,-6.1625
Yahoo - US,Advanced,Seattle to Paris Sale,1,1,0.35,0,0.0,1.0,0.0,0.35,,0.0,-0.35
Yahoo - US,Advanced,Spain,2556,54,198.06249963749997,0,0.0,0.02112676056338028,0.0,3.6678240673611104,,0.0,-198.06249963749997
Yahoo - US,Advanced,Stuttgart,1,1,0.9125,0,0.0,1.0,0.0,0.9125,,0.0,-0.9125
Yahoo - US,Advanced,Turkey,12355,137,479.67499953750007,0,0.0,0.011088628085795225,0.0,3.501277368886862,,0.0,-479.67499953750007
Yahoo - US,Advanced,Turkey Branded,5,2,1.05,0,0.0,0.4,0.0,0.525,,0.0,-1.05
Yahoo - US,Advanced,UK,365,2,10.8125,0,0.0,0.005479452054794521,0.0,5.40625,,0.0,-10.8125
Yahoo - US,Advanced,Venice,7443,47,68.1124999875,0,0.0,0.00631465806798334,0.0,1.449202127393617,,0.0,-68.1124999875
Yahoo - US,Advanced,Zurich,89,1,1.8875,0,0.0,0.011235955056179775,0.0,1.8875,,0.0,-1.8875
Yahoo - US,Standard,Bordeaux,318,10,8.7125,0,0.0,0.031446540880503145,0.0,0.8712500000000001,,0.0,-8.7125
Yahoo - US,Standard,Bordeaux Branded,73,1,0.3875,0,0.0,0.0136986301369863,0.0,0.3875,,0.0,-0.3875
Yahoo - US,Standard,England,706,10,18.375,0,0.0,0.014164305949008499,0.0,1.8375,,0.0,-18.375
Yahoo - US,Standard,France,76079,1381,1711.3999925625,6,8778.8,0.018152183914089303,0.004344677769732078,1.239246917134323,285.23333209375,5.129601518143865,7067.400007437499
Yahoo - US,Standard,France Branded,30,3,2.912499975,0,0.0,0.1,0.0,0.970833325,,0.0,-2.912499975
Yahoo - US,Standard,Frankfurt,487,1,2.1375,0,0.0,0.002053388090349076,0.0,2.1375,,0.0,-2.1375
Yahoo - US,Standard,Germany,13,1,4.75,0,0.0,0.07692307692307693,0.0,4.75,,0.0,-4.75
Yahoo - US,Standard,London,528,11,22.262499875000003,0,0.0,0.020833333333333332,0.0,2.023863625,,0.0,-22.262499875000003
Yahoo - US,Standard,Lyon,580,15,13.175,0,0.0,0.02586206896551724,0.0,0.8783333333333334,,0.0,-13.175
Yahoo - US,Standard,Marseille,2075,25,38.3374998125,0,0.0,0.012048192771084338,0.0,1.5334999925,,0.0,-38.3374998125
Yahoo - US,Standard,Nice,18220,238,353.36249948750003,1,1120.3,0.013062568605927551,0.004201680672268907,1.4847163844012605,353.36249948750003,3.1703986745193085,766.9375005124999
Yahoo - US,Standard,Nice Branded,5,1,0.125,0,0.0,0.2,0.0,0.125,,0.0,-0.125
Yahoo - US,Standard,Paris,97263,2785,5084.5999829625,13,15243.9,0.028633704491944523,0.00466786355475763,1.8257091500763016,391.1230756125,2.998052954230289,10159.3000170375
Yahoo - US,Standard,Paris Branded,290,32,11.137499899999998,0,0.0,0.1103448275862069,0.0,0.34804687187499994,,0.0,-11.137499899999998
Yahoo - US,Standard,Rome,35,3,3.9124999875000004,0,0.0,0.08571428571428572,0.0,1.3041666625000001,,0.0,-3.9124999875000004
Yahoo - US,Standard,Switzerland,4,1,0.9875,0,0.0,0.25,0.0,0.9875,,0.0,-0.9875
Yahoo - US,Standard,Turkey,226,13,16.1625,0,0.0,0.05752212389380531,0.0,1.2432692307692308,,0.0,-16.1625
Yahoo - US,Standard,Venice,41,4,4.25,0,0.0,0.0975609756097561,0.0,1.0625,,0.0,-4.25
